--
-- PostgreSQL database dump
--

-- Dumped from database version 15.0
-- Dumped by pg_dump version 15.2

-- Started on 2023-08-15 12:07:29

SET statement_timeout = 0;
SET lock_timeout = 0;
SET idle_in_transaction_session_timeout = 0;
SET client_encoding = 'UTF8';
SET standard_conforming_strings = on;
SELECT pg_catalog.set_config('search_path', '', false);
SET check_function_bodies = false;
SET xmloption = content;
SET client_min_messages = warning;
SET row_security = off;

SET default_tablespace = '';

SET default_table_access_method = heap;

--
-- TOC entry 247 (class 1259 OID 16428)
-- Name: asignatura; Type: TABLE; Schema: public; Owner: postgres
--

CREATE TABLE public.asignatura (
    asignatura_id integer NOT NULL,
    asignatura_codigo character varying(255) NOT NULL,
    asignatura_nombre character varying(255) NOT NULL,
    asignatura_abreviatura character varying(255) NOT NULL,
    asignatura_cancelada boolean NOT NULL,
    tipo_evaluaciontipo_evaluacion_id integer NOT NULL,
    tipo_asignaturatipo_asignatura_id integer NOT NULL,
    asignatura_promediable boolean NOT NULL,
    asignatura_certificable boolean NOT NULL,
    disciplina_codigo character varying(255) NOT NULL,
    disciplina_idplanestudio integer NOT NULL
);


ALTER TABLE public.asignatura OWNER TO postgres;

--
-- TOC entry 248 (class 1259 OID 16434)
-- Name: asignatura_asignatura; Type: TABLE; Schema: public; Owner: postgres
--

CREATE TABLE public.asignatura_asignatura (
    asignatura_precedente integer NOT NULL,
    asignatura_dependiente integer NOT NULL,
    cancelado boolean NOT NULL
);


ALTER TABLE public.asignatura_asignatura OWNER TO postgres;

--
-- TOC entry 214 (class 1259 OID 16395)
-- Name: asignatura_asignatura_id_seq; Type: SEQUENCE; Schema: public; Owner: postgres
--

CREATE SEQUENCE public.asignatura_asignatura_id_seq
    START WITH 1
    INCREMENT BY 1
    NO MINVALUE
    NO MAXVALUE
    CACHE 1;


ALTER TABLE public.asignatura_asignatura_id_seq OWNER TO postgres;

--
-- TOC entry 3896 (class 0 OID 0)
-- Dependencies: 214
-- Name: asignatura_asignatura_id_seq; Type: SEQUENCE OWNED BY; Schema: public; Owner: postgres
--

ALTER SEQUENCE public.asignatura_asignatura_id_seq OWNED BY public.asignatura.asignatura_id;


--
-- TOC entry 249 (class 1259 OID 16437)
-- Name: authorities; Type: TABLE; Schema: public; Owner: postgres
--

CREATE TABLE public.authorities (
    username character varying(50) NOT NULL,
    authority character varying(255) NOT NULL
);


ALTER TABLE public.authorities OWNER TO postgres;

--
-- TOC entry 250 (class 1259 OID 16440)
-- Name: baja; Type: TABLE; Schema: public; Owner: postgres
--

CREATE TABLE public.baja (
    tipo_bajaid_tipo_baja integer NOT NULL,
    motivo_bajaid_motivo_baja integer NOT NULL,
    fecha date NOT NULL,
    cursoidcurso character varying(255) NOT NULL,
    codigocum character varying(255) NOT NULL,
    codigoarea character varying(255) NOT NULL,
    idcarrera integer NOT NULL,
    estudiante_id character varying(255) NOT NULL,
    fecha_matricula date NOT NULL,
    baja_cancelada boolean NOT NULL
);


ALTER TABLE public.baja OWNER TO postgres;

--
-- TOC entry 251 (class 1259 OID 16445)
-- Name: carrera; Type: TABLE; Schema: public; Owner: postgres
--

CREATE TABLE public.carrera (
    idcarrera integer NOT NULL,
    canceladacarrera boolean NOT NULL,
    carreranacionalidcarreranacional integer NOT NULL,
    facultadcodigoarea character varying(255)
);


ALTER TABLE public.carrera OWNER TO postgres;

--
-- TOC entry 252 (class 1259 OID 16449)
-- Name: carrera_curso; Type: TABLE; Schema: public; Owner: postgres
--

CREATE TABLE public.carrera_curso (
    carreraidcarrera integer NOT NULL,
    cursoidcurso character varying(255) NOT NULL,
    cantmatriculas integer NOT NULL,
    cancelado boolean NOT NULL
);


ALTER TABLE public.carrera_curso OWNER TO postgres;

--
-- TOC entry 215 (class 1259 OID 16396)
-- Name: carrera_idcarrera_seq; Type: SEQUENCE; Schema: public; Owner: postgres
--

CREATE SEQUENCE public.carrera_idcarrera_seq
    START WITH 1
    INCREMENT BY 1
    NO MINVALUE
    NO MAXVALUE
    CACHE 1;


ALTER TABLE public.carrera_idcarrera_seq OWNER TO postgres;

--
-- TOC entry 3897 (class 0 OID 0)
-- Dependencies: 215
-- Name: carrera_idcarrera_seq; Type: SEQUENCE OWNED BY; Schema: public; Owner: postgres
--

ALTER SEQUENCE public.carrera_idcarrera_seq OWNED BY public.carrera.idcarrera;


--
-- TOC entry 253 (class 1259 OID 16452)
-- Name: carreranacional; Type: TABLE; Schema: public; Owner: postgres
--

CREATE TABLE public.carreranacional (
    idcarreranacional integer NOT NULL,
    codigocarreranacional character varying(255) NOT NULL,
    nombrecarreranacional character varying(255) NOT NULL,
    diplomacarreranacional character varying(255),
    canceladocarreranacional boolean NOT NULL,
    especialidadidespecialidad integer NOT NULL
);


ALTER TABLE public.carreranacional OWNER TO postgres;

--
-- TOC entry 216 (class 1259 OID 16397)
-- Name: carreranacional_idcarreranacional_seq; Type: SEQUENCE; Schema: public; Owner: postgres
--

CREATE SEQUENCE public.carreranacional_idcarreranacional_seq
    START WITH 1
    INCREMENT BY 1
    NO MINVALUE
    NO MAXVALUE
    CACHE 1;


ALTER TABLE public.carreranacional_idcarreranacional_seq OWNER TO postgres;

--
-- TOC entry 3898 (class 0 OID 0)
-- Dependencies: 216
-- Name: carreranacional_idcarreranacional_seq; Type: SEQUENCE OWNED BY; Schema: public; Owner: postgres
--

ALTER SEQUENCE public.carreranacional_idcarreranacional_seq OWNED BY public.carreranacional.idcarreranacional;


--
-- TOC entry 254 (class 1259 OID 16458)
-- Name: color_piel; Type: TABLE; Schema: public; Owner: postgres
--

CREATE TABLE public.color_piel (
    color_piel_id integer NOT NULL,
    color_piel_nombre character varying(255) NOT NULL,
    color_piel_cancelado boolean NOT NULL
);


ALTER TABLE public.color_piel OWNER TO postgres;

--
-- TOC entry 217 (class 1259 OID 16398)
-- Name: color_piel_color_piel_id_seq; Type: SEQUENCE; Schema: public; Owner: postgres
--

CREATE SEQUENCE public.color_piel_color_piel_id_seq
    START WITH 1
    INCREMENT BY 1
    NO MINVALUE
    NO MAXVALUE
    CACHE 1;


ALTER TABLE public.color_piel_color_piel_id_seq OWNER TO postgres;

--
-- TOC entry 3899 (class 0 OID 0)
-- Dependencies: 217
-- Name: color_piel_color_piel_id_seq; Type: SEQUENCE OWNED BY; Schema: public; Owner: postgres
--

ALTER SEQUENCE public.color_piel_color_piel_id_seq OWNED BY public.color_piel.color_piel_id;


--
-- TOC entry 255 (class 1259 OID 16462)
-- Name: cum; Type: TABLE; Schema: public; Owner: postgres
--

CREATE TABLE public.cum (
    codigocum character varying(255) NOT NULL,
    inicialescum character varying(255) NOT NULL,
    actividadcum character varying(255),
    nombrecum character varying(255) NOT NULL,
    direccioncum character varying(255) NOT NULL,
    telefonocum character varying(255),
    faxcum character varying(255),
    nombresecgralcum character varying(255) NOT NULL,
    nombredirectorcum character varying(255) NOT NULL,
    reglamentocum character varying(255) NOT NULL,
    cumcancelado boolean NOT NULL,
    universidadcodigouniversidad character varying(255) NOT NULL,
    municipioidmunicipio integer NOT NULL
);


ALTER TABLE public.cum OWNER TO postgres;

--
-- TOC entry 256 (class 1259 OID 16467)
-- Name: cum_authorities; Type: TABLE; Schema: public; Owner: postgres
--

CREATE TABLE public.cum_authorities (
    cumcodigocum character varying(255) NOT NULL,
    authoritiesusername character varying(50) NOT NULL,
    authoritiesauthority character varying(255) NOT NULL
);


ALTER TABLE public.cum_authorities OWNER TO postgres;

--
-- TOC entry 257 (class 1259 OID 16472)
-- Name: curso; Type: TABLE; Schema: public; Owner: postgres
--

CREATE TABLE public.curso (
    idcurso character varying(255) NOT NULL,
    fechainiciomatriculacurso date NOT NULL,
    fechafinmatricula date NOT NULL,
    fechainiciorematricula date NOT NULL,
    fechafinrematricula date NOT NULL,
    fechagraduacion date NOT NULL,
    cursoactual boolean NOT NULL,
    universidadcodigouniversidad character varying(255) NOT NULL,
    cancelado boolean NOT NULL
);


ALTER TABLE public.curso OWNER TO postgres;

--
-- TOC entry 258 (class 1259 OID 16477)
-- Name: disciplina; Type: TABLE; Schema: public; Owner: postgres
--

CREATE TABLE public.disciplina (
    disciplina_codigo character varying(255) NOT NULL,
    disciplina_nombre character varying(255) NOT NULL,
    disciplina_cancelada boolean NOT NULL
);


ALTER TABLE public.disciplina OWNER TO postgres;

--
-- TOC entry 259 (class 1259 OID 16482)
-- Name: disciplina_planestudio; Type: TABLE; Schema: public; Owner: postgres
--

CREATE TABLE public.disciplina_planestudio (
    disciplinadisciplina_codigo character varying(255) NOT NULL,
    planestudioidplanestudio integer NOT NULL,
    objetivos character varying(1500),
    programa character varying(1500),
    cancelado boolean NOT NULL
);


ALTER TABLE public.disciplina_planestudio OWNER TO postgres;

--
-- TOC entry 260 (class 1259 OID 16487)
-- Name: especialidad; Type: TABLE; Schema: public; Owner: postgres
--

CREATE TABLE public.especialidad (
    idespecialidad integer NOT NULL,
    nombreespecialidad character varying(255) NOT NULL,
    canceladoespecialidad boolean NOT NULL
);


ALTER TABLE public.especialidad OWNER TO postgres;

--
-- TOC entry 218 (class 1259 OID 16399)
-- Name: especialidad_idespecialidad_seq; Type: SEQUENCE; Schema: public; Owner: postgres
--

CREATE SEQUENCE public.especialidad_idespecialidad_seq
    START WITH 1
    INCREMENT BY 1
    NO MINVALUE
    NO MAXVALUE
    CACHE 1;


ALTER TABLE public.especialidad_idespecialidad_seq OWNER TO postgres;

--
-- TOC entry 3900 (class 0 OID 0)
-- Dependencies: 218
-- Name: especialidad_idespecialidad_seq; Type: SEQUENCE OWNED BY; Schema: public; Owner: postgres
--

ALTER SEQUENCE public.especialidad_idespecialidad_seq OWNED BY public.especialidad.idespecialidad;


--
-- TOC entry 261 (class 1259 OID 16491)
-- Name: especialidad_militar; Type: TABLE; Schema: public; Owner: postgres
--

CREATE TABLE public.especialidad_militar (
    especialidad_militar_id integer NOT NULL,
    especialidad_militar_nombre character varying(255) NOT NULL,
    especialidad_militar_cancelado boolean NOT NULL
);


ALTER TABLE public.especialidad_militar OWNER TO postgres;

--
-- TOC entry 219 (class 1259 OID 16400)
-- Name: especialidad_militar_especialidad_militar_id_seq; Type: SEQUENCE; Schema: public; Owner: postgres
--

CREATE SEQUENCE public.especialidad_militar_especialidad_militar_id_seq
    START WITH 1
    INCREMENT BY 1
    NO MINVALUE
    NO MAXVALUE
    CACHE 1;


ALTER TABLE public.especialidad_militar_especialidad_militar_id_seq OWNER TO postgres;

--
-- TOC entry 3901 (class 0 OID 0)
-- Dependencies: 219
-- Name: especialidad_militar_especialidad_militar_id_seq; Type: SEQUENCE OWNED BY; Schema: public; Owner: postgres
--

ALTER SEQUENCE public.especialidad_militar_especialidad_militar_id_seq OWNED BY public.especialidad_militar.especialidad_militar_id;


--
-- TOC entry 262 (class 1259 OID 16495)
-- Name: estado_civil; Type: TABLE; Schema: public; Owner: postgres
--

CREATE TABLE public.estado_civil (
    estado_civil_id integer NOT NULL,
    estado_civil_nombre character varying(255) NOT NULL,
    estado_civil_cancelado boolean NOT NULL
);


ALTER TABLE public.estado_civil OWNER TO postgres;

--
-- TOC entry 220 (class 1259 OID 16401)
-- Name: estado_civil_estado_civil_id_seq; Type: SEQUENCE; Schema: public; Owner: postgres
--

CREATE SEQUENCE public.estado_civil_estado_civil_id_seq
    START WITH 1
    INCREMENT BY 1
    NO MINVALUE
    NO MAXVALUE
    CACHE 1;


ALTER TABLE public.estado_civil_estado_civil_id_seq OWNER TO postgres;

--
-- TOC entry 3902 (class 0 OID 0)
-- Dependencies: 220
-- Name: estado_civil_estado_civil_id_seq; Type: SEQUENCE OWNED BY; Schema: public; Owner: postgres
--

ALTER SEQUENCE public.estado_civil_estado_civil_id_seq OWNED BY public.estado_civil.estado_civil_id;


--
-- TOC entry 263 (class 1259 OID 16499)
-- Name: estado_estudiante; Type: TABLE; Schema: public; Owner: postgres
--

CREATE TABLE public.estado_estudiante (
    estado_estuciante_id integer NOT NULL,
    estado_estudiante_nombre character varying(255) NOT NULL,
    estado_estudiante_cancelado boolean NOT NULL
);


ALTER TABLE public.estado_estudiante OWNER TO postgres;

--
-- TOC entry 221 (class 1259 OID 16402)
-- Name: estado_estudiante_estado_estuciante_id_seq; Type: SEQUENCE; Schema: public; Owner: postgres
--

CREATE SEQUENCE public.estado_estudiante_estado_estuciante_id_seq
    START WITH 1
    INCREMENT BY 1
    NO MINVALUE
    NO MAXVALUE
    CACHE 1;


ALTER TABLE public.estado_estudiante_estado_estuciante_id_seq OWNER TO postgres;

--
-- TOC entry 3903 (class 0 OID 0)
-- Dependencies: 221
-- Name: estado_estudiante_estado_estuciante_id_seq; Type: SEQUENCE OWNED BY; Schema: public; Owner: postgres
--

ALTER SEQUENCE public.estado_estudiante_estado_estuciante_id_seq OWNED BY public.estado_estudiante.estado_estuciante_id;


--
-- TOC entry 264 (class 1259 OID 16503)
-- Name: estudiante; Type: TABLE; Schema: public; Owner: postgres
--

CREATE TABLE public.estudiante (
    estudiante_id character varying(255) NOT NULL,
    estudiante_fecha_nacimiento date NOT NULL,
    estudiante_cant_hijos integer DEFAULT 0 NOT NULL,
    estudiante_nombre character varying(255) NOT NULL,
    estudiante_apellido1 character varying(255) NOT NULL,
    estudiante_apellido2 character varying(255),
    estudiante_telefono character varying(255),
    estudiante_direccion character varying(255) NOT NULL,
    estudiante_email character varying(255),
    estudiante_datos_laborales boolean NOT NULL,
    estudiante_salario real,
    estudiante_jefe_inmediato character varying(255),
    nombrecentrotrabajo character varying(255),
    direccioncentrotrabajo character varying(255),
    telefonocentrotrabajo character varying(255),
    municipioidmunicipiocentrotrabajo integer,
    organismoidorganismo integer,
    sindicatoidsindicato integer,
    ocupacionocupacion_id integer,
    estudiante_datos_militares boolean NOT NULL,
    estudiante_fecha_licenciamiento_militar date,
    grado_militargrado_militar_id integer,
    especialidad_militarespecialidad_militar_id integer,
    tipo_militarid_tipo_militar integer,
    naturalde character varying(255) NOT NULL,
    sexosexo_id integer NOT NULL,
    color_pielcolor_piel_id integer NOT NULL,
    organizacion_politicaorganizacion_politica_id integer NOT NULL,
    huerfanohuerfano_id integer NOT NULL,
    estado_civilestado_civil_id integer NOT NULL,
    procedencia_escolarprocedencia_escolar_id integer NOT NULL,
    nivel_escolarnivel_escolar_id integer NOT NULL,
    estudiante_fecha_ingreso_es date NOT NULL,
    estudiante_fecha_ingreso_ces date NOT NULL,
    municipioidmunicipio integer,
    provinciaidprovincia integer,
    paisidpais integer NOT NULL
);


ALTER TABLE public.estudiante OWNER TO postgres;

--
-- TOC entry 265 (class 1259 OID 16509)
-- Name: examen; Type: TABLE; Schema: public; Owner: postgres
--

CREATE TABLE public.examen (
    examen_id integer NOT NULL,
    examen_tipo character varying(255) NOT NULL,
    examen_cancelado boolean NOT NULL
);


ALTER TABLE public.examen OWNER TO postgres;

--
-- TOC entry 222 (class 1259 OID 16403)
-- Name: examen_examen_id_seq; Type: SEQUENCE; Schema: public; Owner: postgres
--

CREATE SEQUENCE public.examen_examen_id_seq
    START WITH 1
    INCREMENT BY 1
    NO MINVALUE
    NO MAXVALUE
    CACHE 1;


ALTER TABLE public.examen_examen_id_seq OWNER TO postgres;

--
-- TOC entry 3904 (class 0 OID 0)
-- Dependencies: 222
-- Name: examen_examen_id_seq; Type: SEQUENCE OWNED BY; Schema: public; Owner: postgres
--

ALTER SEQUENCE public.examen_examen_id_seq OWNED BY public.examen.examen_id;


--
-- TOC entry 266 (class 1259 OID 16513)
-- Name: examen_matricula_facultad_cum_carrera_estudiante_asignatura; Type: TABLE; Schema: public; Owner: postgres
--

CREATE TABLE public.examen_matricula_facultad_cum_carrera_estudiante_asignatura (
    examenexamen_id integer NOT NULL,
    matricula_id integer NOT NULL,
    codigocum character varying(255) NOT NULL,
    codigoarea character varying(255) NOT NULL,
    idcarrera integer NOT NULL,
    estudiante_id character varying(255) NOT NULL,
    fecha_matricula date NOT NULL,
    asignatura_id integer NOT NULL,
    cancelado boolean NOT NULL,
    nota integer NOT NULL
);


ALTER TABLE public.examen_matricula_facultad_cum_carrera_estudiante_asignatura OWNER TO postgres;

--
-- TOC entry 267 (class 1259 OID 16518)
-- Name: facultad; Type: TABLE; Schema: public; Owner: postgres
--

CREATE TABLE public.facultad (
    codigoarea character varying(255) NOT NULL,
    nombrearea character varying(255) NOT NULL,
    nombresecdocarea character varying(255) NOT NULL,
    nombredecanoarea character varying(255) NOT NULL,
    telefonoarea character varying(255) NOT NULL,
    direccionarea character varying(255) NOT NULL,
    canceladoarea boolean NOT NULL,
    municipioidmunicipio integer NOT NULL,
    universidadcodigouniversidad character varying(255) NOT NULL
);


ALTER TABLE public.facultad OWNER TO postgres;

--
-- TOC entry 268 (class 1259 OID 16523)
-- Name: facultad_authorities; Type: TABLE; Schema: public; Owner: postgres
--

CREATE TABLE public.facultad_authorities (
    facultadcodigoarea character varying(255) NOT NULL,
    authoritiesusername character varying(50) NOT NULL,
    authoritiesauthority character varying(255) NOT NULL
);


ALTER TABLE public.facultad_authorities OWNER TO postgres;

--
-- TOC entry 269 (class 1259 OID 16528)
-- Name: facultad_cum; Type: TABLE; Schema: public; Owner: postgres
--

CREATE TABLE public.facultad_cum (
    cumcodigocum character varying(255) NOT NULL,
    facultadcodigoarea character varying(255) NOT NULL,
    cancelado boolean NOT NULL
);


ALTER TABLE public.facultad_cum OWNER TO postgres;

--
-- TOC entry 270 (class 1259 OID 16533)
-- Name: facultad_cum_carrera; Type: TABLE; Schema: public; Owner: postgres
--

CREATE TABLE public.facultad_cum_carrera (
    facultad_cumcumcodigocum character varying(255) NOT NULL,
    facultad_cumfacultadcodigoarea character varying(255) NOT NULL,
    carreraidcarrera integer NOT NULL,
    cancelado boolean NOT NULL
);


ALTER TABLE public.facultad_cum_carrera OWNER TO postgres;

--
-- TOC entry 271 (class 1259 OID 16538)
-- Name: facultad_cum_carrera_estudiante; Type: TABLE; Schema: public; Owner: postgres
--

CREATE TABLE public.facultad_cum_carrera_estudiante (
    facultad_cum_carrerafacultad_cumcumcodigocum character varying(255) NOT NULL,
    facultad_cum_carrerafacultad_cumfacultadcodigoarea character varying(255) NOT NULL,
    facultad_cum_carreracarreraidcarrera integer NOT NULL,
    estudianteestudiante_id character varying(255) NOT NULL,
    fecha_matricula date NOT NULL,
    carrera_reoferta boolean NOT NULL,
    carrera_opcion integer,
    nota_mat real,
    nota_espanol real,
    nota_historia real,
    promedio_ingreso real,
    escalafon integer,
    estado_estudianteestado_estuciante_id integer NOT NULL,
    planestudioidplanestudio integer NOT NULL,
    fuente_ingresofuente_ingreso_id integer NOT NULL
);


ALTER TABLE public.facultad_cum_carrera_estudiante OWNER TO postgres;

--
-- TOC entry 272 (class 1259 OID 16543)
-- Name: facultad_cum_carrera_estudiante_asignatura; Type: TABLE; Schema: public; Owner: postgres
--

CREATE TABLE public.facultad_cum_carrera_estudiante_asignatura (
    codigocum character varying(255) NOT NULL,
    codigoarea character varying(255) NOT NULL,
    idcarrera integer NOT NULL,
    estudiante_id character varying(255) NOT NULL,
    fecha_matricula date NOT NULL,
    asignatura_id integer NOT NULL,
    aprobada boolean NOT NULL,
    cancelada boolean NOT NULL
);


ALTER TABLE public.facultad_cum_carrera_estudiante_asignatura OWNER TO postgres;

--
-- TOC entry 273 (class 1259 OID 16548)
-- Name: fuente_ingreso; Type: TABLE; Schema: public; Owner: postgres
--

CREATE TABLE public.fuente_ingreso (
    fuente_ingreso_id integer NOT NULL,
    fuente_ingreso_nombre character varying(255) NOT NULL,
    fuente_ingreso_cancelado boolean NOT NULL
);


ALTER TABLE public.fuente_ingreso OWNER TO postgres;

--
-- TOC entry 223 (class 1259 OID 16404)
-- Name: fuente_ingreso_fuente_ingreso_id_seq; Type: SEQUENCE; Schema: public; Owner: postgres
--

CREATE SEQUENCE public.fuente_ingreso_fuente_ingreso_id_seq
    START WITH 1
    INCREMENT BY 1
    NO MINVALUE
    NO MAXVALUE
    CACHE 1;


ALTER TABLE public.fuente_ingreso_fuente_ingreso_id_seq OWNER TO postgres;

--
-- TOC entry 3905 (class 0 OID 0)
-- Dependencies: 223
-- Name: fuente_ingreso_fuente_ingreso_id_seq; Type: SEQUENCE OWNED BY; Schema: public; Owner: postgres
--

ALTER SEQUENCE public.fuente_ingreso_fuente_ingreso_id_seq OWNED BY public.fuente_ingreso.fuente_ingreso_id;


--
-- TOC entry 274 (class 1259 OID 16552)
-- Name: grado_militar; Type: TABLE; Schema: public; Owner: postgres
--

CREATE TABLE public.grado_militar (
    grado_militar_id integer NOT NULL,
    grado_militar_nombre character varying(255) NOT NULL,
    grado_militar_cancelado boolean NOT NULL
);


ALTER TABLE public.grado_militar OWNER TO postgres;

--
-- TOC entry 224 (class 1259 OID 16405)
-- Name: grado_militar_grado_militar_id_seq; Type: SEQUENCE; Schema: public; Owner: postgres
--

CREATE SEQUENCE public.grado_militar_grado_militar_id_seq
    START WITH 1
    INCREMENT BY 1
    NO MINVALUE
    NO MAXVALUE
    CACHE 1;


ALTER TABLE public.grado_militar_grado_militar_id_seq OWNER TO postgres;

--
-- TOC entry 3906 (class 0 OID 0)
-- Dependencies: 224
-- Name: grado_militar_grado_militar_id_seq; Type: SEQUENCE OWNED BY; Schema: public; Owner: postgres
--

ALTER SEQUENCE public.grado_militar_grado_militar_id_seq OWNED BY public.grado_militar.grado_militar_id;


--
-- TOC entry 275 (class 1259 OID 16556)
-- Name: huerfano; Type: TABLE; Schema: public; Owner: postgres
--

CREATE TABLE public.huerfano (
    huerfano_id integer NOT NULL,
    huerfano_nombre character varying(255) NOT NULL,
    huerfano_cancelado boolean NOT NULL
);


ALTER TABLE public.huerfano OWNER TO postgres;

--
-- TOC entry 225 (class 1259 OID 16406)
-- Name: huerfano_huerfano_id_seq; Type: SEQUENCE; Schema: public; Owner: postgres
--

CREATE SEQUENCE public.huerfano_huerfano_id_seq
    START WITH 1
    INCREMENT BY 1
    NO MINVALUE
    NO MAXVALUE
    CACHE 1;


ALTER TABLE public.huerfano_huerfano_id_seq OWNER TO postgres;

--
-- TOC entry 3907 (class 0 OID 0)
-- Dependencies: 225
-- Name: huerfano_huerfano_id_seq; Type: SEQUENCE OWNED BY; Schema: public; Owner: postgres
--

ALTER SEQUENCE public.huerfano_huerfano_id_seq OWNED BY public.huerfano.huerfano_id;


--
-- TOC entry 276 (class 1259 OID 16560)
-- Name: matricula; Type: TABLE; Schema: public; Owner: postgres
--

CREATE TABLE public.matricula (
    matricula_id integer NOT NULL,
    matricula_fecha_inicio date NOT NULL,
    matricula_fecha_fin date NOT NULL,
    matricula_cancelada boolean NOT NULL,
    cerrada boolean NOT NULL,
    cursoidcurso character varying(255) NOT NULL,
    facultad_cum_carrerafacultad_cumcumcodigocum character varying(255) NOT NULL,
    facultad_cum_carrerafacultad_cumfacultadcodigoarea character varying(255) NOT NULL,
    facultad_cum_carreracarreraidcarrera integer NOT NULL
);


ALTER TABLE public.matricula OWNER TO postgres;

--
-- TOC entry 277 (class 1259 OID 16566)
-- Name: matricula_facultad_cum_carrera_estudiante_asignatura; Type: TABLE; Schema: public; Owner: postgres
--

CREATE TABLE public.matricula_facultad_cum_carrera_estudiante_asignatura (
    matriculamatricula_id integer NOT NULL,
    codigocum character varying(255) NOT NULL,
    codigoarea character varying(255) NOT NULL,
    idcarrera integer NOT NULL,
    estudiante_id character varying(255) NOT NULL,
    fecha_matricula date NOT NULL,
    asignatura_id integer NOT NULL,
    cancelada boolean NOT NULL,
    actual boolean NOT NULL
);


ALTER TABLE public.matricula_facultad_cum_carrera_estudiante_asignatura OWNER TO postgres;

--
-- TOC entry 226 (class 1259 OID 16407)
-- Name: matricula_matricula_id_seq; Type: SEQUENCE; Schema: public; Owner: postgres
--

CREATE SEQUENCE public.matricula_matricula_id_seq
    START WITH 1
    INCREMENT BY 1
    NO MINVALUE
    NO MAXVALUE
    CACHE 1;


ALTER TABLE public.matricula_matricula_id_seq OWNER TO postgres;

--
-- TOC entry 3908 (class 0 OID 0)
-- Dependencies: 226
-- Name: matricula_matricula_id_seq; Type: SEQUENCE OWNED BY; Schema: public; Owner: postgres
--

ALTER SEQUENCE public.matricula_matricula_id_seq OWNED BY public.matricula.matricula_id;


--
-- TOC entry 278 (class 1259 OID 16571)
-- Name: minusvalia; Type: TABLE; Schema: public; Owner: postgres
--

CREATE TABLE public.minusvalia (
    minusvalia_id integer NOT NULL,
    minusvalia_nombre character varying(255) NOT NULL,
    minusvalia_cancelado boolean NOT NULL
);


ALTER TABLE public.minusvalia OWNER TO postgres;

--
-- TOC entry 279 (class 1259 OID 16575)
-- Name: minusvalia_estudiante; Type: TABLE; Schema: public; Owner: postgres
--

CREATE TABLE public.minusvalia_estudiante (
    minusvaliaminusvalia_id integer NOT NULL,
    estudianteestudiante_id character varying(255) NOT NULL
);


ALTER TABLE public.minusvalia_estudiante OWNER TO postgres;

--
-- TOC entry 227 (class 1259 OID 16408)
-- Name: minusvalia_minusvalia_id_seq; Type: SEQUENCE; Schema: public; Owner: postgres
--

CREATE SEQUENCE public.minusvalia_minusvalia_id_seq
    START WITH 1
    INCREMENT BY 1
    NO MINVALUE
    NO MAXVALUE
    CACHE 1;


ALTER TABLE public.minusvalia_minusvalia_id_seq OWNER TO postgres;

--
-- TOC entry 3909 (class 0 OID 0)
-- Dependencies: 227
-- Name: minusvalia_minusvalia_id_seq; Type: SEQUENCE OWNED BY; Schema: public; Owner: postgres
--

ALTER SEQUENCE public.minusvalia_minusvalia_id_seq OWNED BY public.minusvalia.minusvalia_id;


--
-- TOC entry 280 (class 1259 OID 16578)
-- Name: motivo_baja; Type: TABLE; Schema: public; Owner: postgres
--

CREATE TABLE public.motivo_baja (
    id_motivo_baja integer NOT NULL,
    nombre_motivo_baja character varying(500) NOT NULL,
    tipo_bajaid_tipo_baja integer NOT NULL,
    cancelado boolean NOT NULL
);


ALTER TABLE public.motivo_baja OWNER TO postgres;

--
-- TOC entry 228 (class 1259 OID 16409)
-- Name: motivo_baja_id_motivo_baja_seq; Type: SEQUENCE; Schema: public; Owner: postgres
--

CREATE SEQUENCE public.motivo_baja_id_motivo_baja_seq
    START WITH 1
    INCREMENT BY 1
    NO MINVALUE
    NO MAXVALUE
    CACHE 1;


ALTER TABLE public.motivo_baja_id_motivo_baja_seq OWNER TO postgres;

--
-- TOC entry 3910 (class 0 OID 0)
-- Dependencies: 228
-- Name: motivo_baja_id_motivo_baja_seq; Type: SEQUENCE OWNED BY; Schema: public; Owner: postgres
--

ALTER SEQUENCE public.motivo_baja_id_motivo_baja_seq OWNED BY public.motivo_baja.id_motivo_baja;


--
-- TOC entry 281 (class 1259 OID 16584)
-- Name: municipio; Type: TABLE; Schema: public; Owner: postgres
--

CREATE TABLE public.municipio (
    idmunicipio integer NOT NULL,
    provinciaidprovincia integer NOT NULL,
    nombremunicipio character varying(255) NOT NULL,
    canceladomunicipio boolean NOT NULL
);


ALTER TABLE public.municipio OWNER TO postgres;

--
-- TOC entry 229 (class 1259 OID 16410)
-- Name: municipio_idmunicipio_seq; Type: SEQUENCE; Schema: public; Owner: postgres
--

CREATE SEQUENCE public.municipio_idmunicipio_seq
    START WITH 1
    INCREMENT BY 1
    NO MINVALUE
    NO MAXVALUE
    CACHE 1;


ALTER TABLE public.municipio_idmunicipio_seq OWNER TO postgres;

--
-- TOC entry 3911 (class 0 OID 0)
-- Dependencies: 229
-- Name: municipio_idmunicipio_seq; Type: SEQUENCE OWNED BY; Schema: public; Owner: postgres
--

ALTER SEQUENCE public.municipio_idmunicipio_seq OWNED BY public.municipio.idmunicipio;


--
-- TOC entry 282 (class 1259 OID 16588)
-- Name: nivel_escolar; Type: TABLE; Schema: public; Owner: postgres
--

CREATE TABLE public.nivel_escolar (
    nivel_escolar_id integer NOT NULL,
    nivel_escolar_nombre character varying(255) NOT NULL,
    nivel_escolar_cancelado boolean NOT NULL
);


ALTER TABLE public.nivel_escolar OWNER TO postgres;

--
-- TOC entry 230 (class 1259 OID 16411)
-- Name: nivel_escolar_nivel_escolar_id_seq; Type: SEQUENCE; Schema: public; Owner: postgres
--

CREATE SEQUENCE public.nivel_escolar_nivel_escolar_id_seq
    START WITH 1
    INCREMENT BY 1
    NO MINVALUE
    NO MAXVALUE
    CACHE 1;


ALTER TABLE public.nivel_escolar_nivel_escolar_id_seq OWNER TO postgres;

--
-- TOC entry 3912 (class 0 OID 0)
-- Dependencies: 230
-- Name: nivel_escolar_nivel_escolar_id_seq; Type: SEQUENCE OWNED BY; Schema: public; Owner: postgres
--

ALTER SEQUENCE public.nivel_escolar_nivel_escolar_id_seq OWNED BY public.nivel_escolar.nivel_escolar_id;


--
-- TOC entry 283 (class 1259 OID 16592)
-- Name: ocupacion; Type: TABLE; Schema: public; Owner: postgres
--

CREATE TABLE public.ocupacion (
    ocupacion_id integer NOT NULL,
    ocupacion_nombre character varying(255) NOT NULL,
    ocupacion_cancelado boolean NOT NULL
);


ALTER TABLE public.ocupacion OWNER TO postgres;

--
-- TOC entry 231 (class 1259 OID 16412)
-- Name: ocupacion_ocupacion_id_seq; Type: SEQUENCE; Schema: public; Owner: postgres
--

CREATE SEQUENCE public.ocupacion_ocupacion_id_seq
    START WITH 1
    INCREMENT BY 1
    NO MINVALUE
    NO MAXVALUE
    CACHE 1;


ALTER TABLE public.ocupacion_ocupacion_id_seq OWNER TO postgres;

--
-- TOC entry 3913 (class 0 OID 0)
-- Dependencies: 231
-- Name: ocupacion_ocupacion_id_seq; Type: SEQUENCE OWNED BY; Schema: public; Owner: postgres
--

ALTER SEQUENCE public.ocupacion_ocupacion_id_seq OWNED BY public.ocupacion.ocupacion_id;


--
-- TOC entry 284 (class 1259 OID 16596)
-- Name: ong; Type: TABLE; Schema: public; Owner: postgres
--

CREATE TABLE public.ong (
    ong_id integer NOT NULL,
    ong_nombre character varying(255) NOT NULL,
    ong_cancelado boolean NOT NULL
);


ALTER TABLE public.ong OWNER TO postgres;

--
-- TOC entry 285 (class 1259 OID 16600)
-- Name: ong_estudiante; Type: TABLE; Schema: public; Owner: postgres
--

CREATE TABLE public.ong_estudiante (
    ongong_id integer NOT NULL,
    estudianteestudiante_id character varying(255) NOT NULL
);


ALTER TABLE public.ong_estudiante OWNER TO postgres;

--
-- TOC entry 232 (class 1259 OID 16413)
-- Name: ong_ong_id_seq; Type: SEQUENCE; Schema: public; Owner: postgres
--

CREATE SEQUENCE public.ong_ong_id_seq
    START WITH 1
    INCREMENT BY 1
    NO MINVALUE
    NO MAXVALUE
    CACHE 1;


ALTER TABLE public.ong_ong_id_seq OWNER TO postgres;

--
-- TOC entry 3914 (class 0 OID 0)
-- Dependencies: 232
-- Name: ong_ong_id_seq; Type: SEQUENCE OWNED BY; Schema: public; Owner: postgres
--

ALTER SEQUENCE public.ong_ong_id_seq OWNED BY public.ong.ong_id;


--
-- TOC entry 286 (class 1259 OID 16603)
-- Name: organismo; Type: TABLE; Schema: public; Owner: postgres
--

CREATE TABLE public.organismo (
    idorganismo integer NOT NULL,
    nombreorganismo character varying(255) NOT NULL,
    canceladoorganismo boolean NOT NULL
);


ALTER TABLE public.organismo OWNER TO postgres;

--
-- TOC entry 233 (class 1259 OID 16414)
-- Name: organismo_idorganismo_seq; Type: SEQUENCE; Schema: public; Owner: postgres
--

CREATE SEQUENCE public.organismo_idorganismo_seq
    START WITH 1
    INCREMENT BY 1
    NO MINVALUE
    NO MAXVALUE
    CACHE 1;


ALTER TABLE public.organismo_idorganismo_seq OWNER TO postgres;

--
-- TOC entry 3915 (class 0 OID 0)
-- Dependencies: 233
-- Name: organismo_idorganismo_seq; Type: SEQUENCE OWNED BY; Schema: public; Owner: postgres
--

ALTER SEQUENCE public.organismo_idorganismo_seq OWNED BY public.organismo.idorganismo;


--
-- TOC entry 287 (class 1259 OID 16607)
-- Name: organizacion_politica; Type: TABLE; Schema: public; Owner: postgres
--

CREATE TABLE public.organizacion_politica (
    organizacion_politica_id integer NOT NULL,
    organizacion_politica_nombre character varying(255) NOT NULL,
    organizacion_politica_cancelado boolean NOT NULL
);


ALTER TABLE public.organizacion_politica OWNER TO postgres;

--
-- TOC entry 234 (class 1259 OID 16415)
-- Name: organizacion_politica_organizacion_politica_id_seq; Type: SEQUENCE; Schema: public; Owner: postgres
--

CREATE SEQUENCE public.organizacion_politica_organizacion_politica_id_seq
    START WITH 1
    INCREMENT BY 1
    NO MINVALUE
    NO MAXVALUE
    CACHE 1;


ALTER TABLE public.organizacion_politica_organizacion_politica_id_seq OWNER TO postgres;

--
-- TOC entry 3916 (class 0 OID 0)
-- Dependencies: 234
-- Name: organizacion_politica_organizacion_politica_id_seq; Type: SEQUENCE OWNED BY; Schema: public; Owner: postgres
--

ALTER SEQUENCE public.organizacion_politica_organizacion_politica_id_seq OWNED BY public.organizacion_politica.organizacion_politica_id;


--
-- TOC entry 288 (class 1259 OID 16611)
-- Name: organizacion_popular; Type: TABLE; Schema: public; Owner: postgres
--

CREATE TABLE public.organizacion_popular (
    organizacion_popular_id integer NOT NULL,
    organizacion_popular_nombre character varying(255) NOT NULL,
    organizacion_popular_cancelado boolean NOT NULL
);


ALTER TABLE public.organizacion_popular OWNER TO postgres;

--
-- TOC entry 289 (class 1259 OID 16615)
-- Name: organizacion_popular_estudiante; Type: TABLE; Schema: public; Owner: postgres
--

CREATE TABLE public.organizacion_popular_estudiante (
    organizacion_popularorganizacion_popular_id integer NOT NULL,
    estudianteestudiante_id character varying(255) NOT NULL
);


ALTER TABLE public.organizacion_popular_estudiante OWNER TO postgres;

--
-- TOC entry 235 (class 1259 OID 16416)
-- Name: organizacion_popular_organizacion_popular_id_seq; Type: SEQUENCE; Schema: public; Owner: postgres
--

CREATE SEQUENCE public.organizacion_popular_organizacion_popular_id_seq
    START WITH 1
    INCREMENT BY 1
    NO MINVALUE
    NO MAXVALUE
    CACHE 1;


ALTER TABLE public.organizacion_popular_organizacion_popular_id_seq OWNER TO postgres;

--
-- TOC entry 3917 (class 0 OID 0)
-- Dependencies: 235
-- Name: organizacion_popular_organizacion_popular_id_seq; Type: SEQUENCE OWNED BY; Schema: public; Owner: postgres
--

ALTER SEQUENCE public.organizacion_popular_organizacion_popular_id_seq OWNED BY public.organizacion_popular.organizacion_popular_id;


--
-- TOC entry 290 (class 1259 OID 16618)
-- Name: pais; Type: TABLE; Schema: public; Owner: postgres
--

CREATE TABLE public.pais (
    idpais integer NOT NULL,
    nombrepais character varying(255) NOT NULL,
    canceladopais boolean NOT NULL
);


ALTER TABLE public.pais OWNER TO postgres;

--
-- TOC entry 236 (class 1259 OID 16417)
-- Name: pais_idpais_seq; Type: SEQUENCE; Schema: public; Owner: postgres
--

CREATE SEQUENCE public.pais_idpais_seq
    START WITH 1
    INCREMENT BY 1
    NO MINVALUE
    NO MAXVALUE
    CACHE 1;


ALTER TABLE public.pais_idpais_seq OWNER TO postgres;

--
-- TOC entry 3918 (class 0 OID 0)
-- Dependencies: 236
-- Name: pais_idpais_seq; Type: SEQUENCE OWNED BY; Schema: public; Owner: postgres
--

ALTER SEQUENCE public.pais_idpais_seq OWNED BY public.pais.idpais;


--
-- TOC entry 291 (class 1259 OID 16622)
-- Name: planestudio; Type: TABLE; Schema: public; Owner: postgres
--

CREATE TABLE public.planestudio (
    idplanestudio integer NOT NULL,
    plan_estudio_comentario character varying(1500) NOT NULL,
    plan_estudio_listo boolean NOT NULL,
    plan_estudio_cancelado boolean NOT NULL,
    cantoportunidades integer NOT NULL,
    carreraidcarrera integer NOT NULL,
    cursoactivacion character varying(255) NOT NULL,
    tipoplanestudionombretipoplanestudio character varying(255) NOT NULL
);


ALTER TABLE public.planestudio OWNER TO postgres;

--
-- TOC entry 237 (class 1259 OID 16418)
-- Name: planestudio_idplanestudio_seq; Type: SEQUENCE; Schema: public; Owner: postgres
--

CREATE SEQUENCE public.planestudio_idplanestudio_seq
    START WITH 1
    INCREMENT BY 1
    NO MINVALUE
    NO MAXVALUE
    CACHE 1;


ALTER TABLE public.planestudio_idplanestudio_seq OWNER TO postgres;

--
-- TOC entry 3919 (class 0 OID 0)
-- Dependencies: 237
-- Name: planestudio_idplanestudio_seq; Type: SEQUENCE OWNED BY; Schema: public; Owner: postgres
--

ALTER SEQUENCE public.planestudio_idplanestudio_seq OWNED BY public.planestudio.idplanestudio;


--
-- TOC entry 292 (class 1259 OID 16628)
-- Name: procedencia_escolar; Type: TABLE; Schema: public; Owner: postgres
--

CREATE TABLE public.procedencia_escolar (
    procedencia_escolar_id integer NOT NULL,
    procedencia_escolar_nombre character varying(255) NOT NULL,
    procedencia_escolar_cancelado boolean NOT NULL
);


ALTER TABLE public.procedencia_escolar OWNER TO postgres;

--
-- TOC entry 238 (class 1259 OID 16419)
-- Name: procedencia_escolar_procedencia_escolar_id_seq; Type: SEQUENCE; Schema: public; Owner: postgres
--

CREATE SEQUENCE public.procedencia_escolar_procedencia_escolar_id_seq
    START WITH 1
    INCREMENT BY 1
    NO MINVALUE
    NO MAXVALUE
    CACHE 1;


ALTER TABLE public.procedencia_escolar_procedencia_escolar_id_seq OWNER TO postgres;

--
-- TOC entry 3920 (class 0 OID 0)
-- Dependencies: 238
-- Name: procedencia_escolar_procedencia_escolar_id_seq; Type: SEQUENCE OWNED BY; Schema: public; Owner: postgres
--

ALTER SEQUENCE public.procedencia_escolar_procedencia_escolar_id_seq OWNED BY public.procedencia_escolar.procedencia_escolar_id;


--
-- TOC entry 293 (class 1259 OID 16632)
-- Name: provincia; Type: TABLE; Schema: public; Owner: postgres
--

CREATE TABLE public.provincia (
    idprovincia integer NOT NULL,
    paisidpais integer NOT NULL,
    nombreprovincia character varying(255) NOT NULL,
    canceladoprovincia boolean NOT NULL
);


ALTER TABLE public.provincia OWNER TO postgres;

--
-- TOC entry 239 (class 1259 OID 16420)
-- Name: provincia_idprovincia_seq; Type: SEQUENCE; Schema: public; Owner: postgres
--

CREATE SEQUENCE public.provincia_idprovincia_seq
    START WITH 1
    INCREMENT BY 1
    NO MINVALUE
    NO MAXVALUE
    CACHE 1;


ALTER TABLE public.provincia_idprovincia_seq OWNER TO postgres;

--
-- TOC entry 3921 (class 0 OID 0)
-- Dependencies: 239
-- Name: provincia_idprovincia_seq; Type: SEQUENCE OWNED BY; Schema: public; Owner: postgres
--

ALTER SEQUENCE public.provincia_idprovincia_seq OWNED BY public.provincia.idprovincia;


--
-- TOC entry 294 (class 1259 OID 16636)
-- Name: sexo; Type: TABLE; Schema: public; Owner: postgres
--

CREATE TABLE public.sexo (
    sexo_id integer NOT NULL,
    sexo_nombre character varying(255) NOT NULL,
    sexo_cancelado boolean NOT NULL
);


ALTER TABLE public.sexo OWNER TO postgres;

--
-- TOC entry 240 (class 1259 OID 16421)
-- Name: sexo_sexo_id_seq; Type: SEQUENCE; Schema: public; Owner: postgres
--

CREATE SEQUENCE public.sexo_sexo_id_seq
    START WITH 1
    INCREMENT BY 1
    NO MINVALUE
    NO MAXVALUE
    CACHE 1;


ALTER TABLE public.sexo_sexo_id_seq OWNER TO postgres;

--
-- TOC entry 3922 (class 0 OID 0)
-- Dependencies: 240
-- Name: sexo_sexo_id_seq; Type: SEQUENCE OWNED BY; Schema: public; Owner: postgres
--

ALTER SEQUENCE public.sexo_sexo_id_seq OWNED BY public.sexo.sexo_id;


--
-- TOC entry 295 (class 1259 OID 16640)
-- Name: sindicato; Type: TABLE; Schema: public; Owner: postgres
--

CREATE TABLE public.sindicato (
    idsindicato integer NOT NULL,
    nombresindicato character varying(255) NOT NULL,
    canceladosindicato boolean NOT NULL
);


ALTER TABLE public.sindicato OWNER TO postgres;

--
-- TOC entry 241 (class 1259 OID 16422)
-- Name: sindicato_idsindicato_seq; Type: SEQUENCE; Schema: public; Owner: postgres
--

CREATE SEQUENCE public.sindicato_idsindicato_seq
    START WITH 1
    INCREMENT BY 1
    NO MINVALUE
    NO MAXVALUE
    CACHE 1;


ALTER TABLE public.sindicato_idsindicato_seq OWNER TO postgres;

--
-- TOC entry 3923 (class 0 OID 0)
-- Dependencies: 241
-- Name: sindicato_idsindicato_seq; Type: SEQUENCE OWNED BY; Schema: public; Owner: postgres
--

ALTER SEQUENCE public.sindicato_idsindicato_seq OWNED BY public.sindicato.idsindicato;


--
-- TOC entry 296 (class 1259 OID 16644)
-- Name: tipo_asignatura; Type: TABLE; Schema: public; Owner: postgres
--

CREATE TABLE public.tipo_asignatura (
    tipo_asignatura_id integer NOT NULL,
    tipo_asignatura_nombre character varying(255) NOT NULL,
    tipo_asignatura_cancelado boolean NOT NULL
);


ALTER TABLE public.tipo_asignatura OWNER TO postgres;

--
-- TOC entry 242 (class 1259 OID 16423)
-- Name: tipo_asignatura_tipo_asignatura_id_seq; Type: SEQUENCE; Schema: public; Owner: postgres
--

CREATE SEQUENCE public.tipo_asignatura_tipo_asignatura_id_seq
    START WITH 1
    INCREMENT BY 1
    NO MINVALUE
    NO MAXVALUE
    CACHE 1;


ALTER TABLE public.tipo_asignatura_tipo_asignatura_id_seq OWNER TO postgres;

--
-- TOC entry 3924 (class 0 OID 0)
-- Dependencies: 242
-- Name: tipo_asignatura_tipo_asignatura_id_seq; Type: SEQUENCE OWNED BY; Schema: public; Owner: postgres
--

ALTER SEQUENCE public.tipo_asignatura_tipo_asignatura_id_seq OWNED BY public.tipo_asignatura.tipo_asignatura_id;


--
-- TOC entry 297 (class 1259 OID 16648)
-- Name: tipo_baja; Type: TABLE; Schema: public; Owner: postgres
--

CREATE TABLE public.tipo_baja (
    id_tipo_baja integer NOT NULL,
    nombre_tipo_baja character varying(255) NOT NULL,
    cancelado boolean NOT NULL
);


ALTER TABLE public.tipo_baja OWNER TO postgres;

--
-- TOC entry 243 (class 1259 OID 16424)
-- Name: tipo_baja_id_tipo_baja_seq; Type: SEQUENCE; Schema: public; Owner: postgres
--

CREATE SEQUENCE public.tipo_baja_id_tipo_baja_seq
    START WITH 1
    INCREMENT BY 1
    NO MINVALUE
    NO MAXVALUE
    CACHE 1;


ALTER TABLE public.tipo_baja_id_tipo_baja_seq OWNER TO postgres;

--
-- TOC entry 3925 (class 0 OID 0)
-- Dependencies: 243
-- Name: tipo_baja_id_tipo_baja_seq; Type: SEQUENCE OWNED BY; Schema: public; Owner: postgres
--

ALTER SEQUENCE public.tipo_baja_id_tipo_baja_seq OWNED BY public.tipo_baja.id_tipo_baja;


--
-- TOC entry 298 (class 1259 OID 16652)
-- Name: tipo_evaluacion; Type: TABLE; Schema: public; Owner: postgres
--

CREATE TABLE public.tipo_evaluacion (
    tipo_evaluacion_id integer NOT NULL,
    tipo_evaluacion_nombre character varying(255) NOT NULL,
    tipo_eavluacion_cancelado boolean NOT NULL
);


ALTER TABLE public.tipo_evaluacion OWNER TO postgres;

--
-- TOC entry 244 (class 1259 OID 16425)
-- Name: tipo_evaluacion_tipo_evaluacion_id_seq; Type: SEQUENCE; Schema: public; Owner: postgres
--

CREATE SEQUENCE public.tipo_evaluacion_tipo_evaluacion_id_seq
    START WITH 1
    INCREMENT BY 1
    NO MINVALUE
    NO MAXVALUE
    CACHE 1;


ALTER TABLE public.tipo_evaluacion_tipo_evaluacion_id_seq OWNER TO postgres;

--
-- TOC entry 3926 (class 0 OID 0)
-- Dependencies: 244
-- Name: tipo_evaluacion_tipo_evaluacion_id_seq; Type: SEQUENCE OWNED BY; Schema: public; Owner: postgres
--

ALTER SEQUENCE public.tipo_evaluacion_tipo_evaluacion_id_seq OWNED BY public.tipo_evaluacion.tipo_evaluacion_id;


--
-- TOC entry 299 (class 1259 OID 16656)
-- Name: tipo_militar; Type: TABLE; Schema: public; Owner: postgres
--

CREATE TABLE public.tipo_militar (
    id_tipo_militar integer NOT NULL,
    nombre_tipo character varying(255) NOT NULL,
    cancelado_tipo_militar boolean NOT NULL
);


ALTER TABLE public.tipo_militar OWNER TO postgres;

--
-- TOC entry 245 (class 1259 OID 16426)
-- Name: tipo_militar_id_tipo_militar_seq; Type: SEQUENCE; Schema: public; Owner: postgres
--

CREATE SEQUENCE public.tipo_militar_id_tipo_militar_seq
    START WITH 1
    INCREMENT BY 1
    NO MINVALUE
    NO MAXVALUE
    CACHE 1;


ALTER TABLE public.tipo_militar_id_tipo_militar_seq OWNER TO postgres;

--
-- TOC entry 3927 (class 0 OID 0)
-- Dependencies: 245
-- Name: tipo_militar_id_tipo_militar_seq; Type: SEQUENCE OWNED BY; Schema: public; Owner: postgres
--

ALTER SEQUENCE public.tipo_militar_id_tipo_militar_seq OWNED BY public.tipo_militar.id_tipo_militar;


--
-- TOC entry 300 (class 1259 OID 16660)
-- Name: tipoplanestudio; Type: TABLE; Schema: public; Owner: postgres
--

CREATE TABLE public.tipoplanestudio (
    nombretipoplanestudio character varying(255) NOT NULL,
    tipoplanestudiocancelado boolean NOT NULL,
    cancelado boolean NOT NULL
);


ALTER TABLE public.tipoplanestudio OWNER TO postgres;

--
-- TOC entry 301 (class 1259 OID 16663)
-- Name: tutor; Type: TABLE; Schema: public; Owner: postgres
--

CREATE TABLE public.tutor (
    tutor_id integer NOT NULL,
    nombre_tutor character varying(255) NOT NULL,
    apellidos_tutor character varying(255) NOT NULL,
    salario_tutor real,
    organizacion_politicaorganizacion_politica_id integer NOT NULL,
    nivel_escolarnivel_escolar_id integer NOT NULL,
    ocupacionocupacion_id integer NOT NULL,
    fallecido boolean NOT NULL,
    sexosexo_id integer NOT NULL,
    estudianteestudiante_id character varying(255) NOT NULL
);


ALTER TABLE public.tutor OWNER TO postgres;

--
-- TOC entry 246 (class 1259 OID 16427)
-- Name: tutor_tutor_id_seq; Type: SEQUENCE; Schema: public; Owner: postgres
--

CREATE SEQUENCE public.tutor_tutor_id_seq
    START WITH 1
    INCREMENT BY 1
    NO MINVALUE
    NO MAXVALUE
    CACHE 1;


ALTER TABLE public.tutor_tutor_id_seq OWNER TO postgres;

--
-- TOC entry 3928 (class 0 OID 0)
-- Dependencies: 246
-- Name: tutor_tutor_id_seq; Type: SEQUENCE OWNED BY; Schema: public; Owner: postgres
--

ALTER SEQUENCE public.tutor_tutor_id_seq OWNED BY public.tutor.tutor_id;


--
-- TOC entry 302 (class 1259 OID 16669)
-- Name: universidad; Type: TABLE; Schema: public; Owner: postgres
--

CREATE TABLE public.universidad (
    codigouniversidad character varying(255) NOT NULL,
    nombreuniversidad character varying(255) NOT NULL,
    inicialesuniversidad character varying(255) NOT NULL,
    actividaduniversidad character varying(255),
    telefonouniversidad character varying(255),
    reglamentouniversidad character varying(255) NOT NULL,
    faxuniversidad character varying(255),
    nombrerectoruniversidad character varying(255) NOT NULL,
    nombresecgraluniversidad character varying(255) NOT NULL,
    direccionuniversidad character varying(255) NOT NULL,
    canceladouniversidad boolean NOT NULL,
    municipioidmunicipio integer NOT NULL
);


ALTER TABLE public.universidad OWNER TO postgres;

--
-- TOC entry 303 (class 1259 OID 16674)
-- Name: users; Type: TABLE; Schema: public; Owner: postgres
--

CREATE TABLE public.users (
    username character varying(50) NOT NULL,
    identificacion character varying(255) NOT NULL,
    nombre character varying(255) NOT NULL,
    apellido1 character varying(255) NOT NULL,
    apellido2 character varying(255),
    email character varying(255) NOT NULL,
    password character varying(100) NOT NULL,
    enabled boolean NOT NULL,
    descripcion character varying(255)
);


ALTER TABLE public.users OWNER TO postgres;

--
-- TOC entry 3429 (class 2604 OID 16431)
-- Name: asignatura asignatura_id; Type: DEFAULT; Schema: public; Owner: postgres
--

ALTER TABLE ONLY public.asignatura ALTER COLUMN asignatura_id SET DEFAULT nextval('public.asignatura_asignatura_id_seq'::regclass);


--
-- TOC entry 3430 (class 2604 OID 16448)
-- Name: carrera idcarrera; Type: DEFAULT; Schema: public; Owner: postgres
--

ALTER TABLE ONLY public.carrera ALTER COLUMN idcarrera SET DEFAULT nextval('public.carrera_idcarrera_seq'::regclass);


--
-- TOC entry 3431 (class 2604 OID 16455)
-- Name: carreranacional idcarreranacional; Type: DEFAULT; Schema: public; Owner: postgres
--

ALTER TABLE ONLY public.carreranacional ALTER COLUMN idcarreranacional SET DEFAULT nextval('public.carreranacional_idcarreranacional_seq'::regclass);


--
-- TOC entry 3432 (class 2604 OID 16461)
-- Name: color_piel color_piel_id; Type: DEFAULT; Schema: public; Owner: postgres
--

ALTER TABLE ONLY public.color_piel ALTER COLUMN color_piel_id SET DEFAULT nextval('public.color_piel_color_piel_id_seq'::regclass);


--
-- TOC entry 3433 (class 2604 OID 16490)
-- Name: especialidad idespecialidad; Type: DEFAULT; Schema: public; Owner: postgres
--

ALTER TABLE ONLY public.especialidad ALTER COLUMN idespecialidad SET DEFAULT nextval('public.especialidad_idespecialidad_seq'::regclass);


--
-- TOC entry 3434 (class 2604 OID 16494)
-- Name: especialidad_militar especialidad_militar_id; Type: DEFAULT; Schema: public; Owner: postgres
--

ALTER TABLE ONLY public.especialidad_militar ALTER COLUMN especialidad_militar_id SET DEFAULT nextval('public.especialidad_militar_especialidad_militar_id_seq'::regclass);


--
-- TOC entry 3435 (class 2604 OID 16498)
-- Name: estado_civil estado_civil_id; Type: DEFAULT; Schema: public; Owner: postgres
--

ALTER TABLE ONLY public.estado_civil ALTER COLUMN estado_civil_id SET DEFAULT nextval('public.estado_civil_estado_civil_id_seq'::regclass);


--
-- TOC entry 3436 (class 2604 OID 16502)
-- Name: estado_estudiante estado_estuciante_id; Type: DEFAULT; Schema: public; Owner: postgres
--

ALTER TABLE ONLY public.estado_estudiante ALTER COLUMN estado_estuciante_id SET DEFAULT nextval('public.estado_estudiante_estado_estuciante_id_seq'::regclass);


--
-- TOC entry 3438 (class 2604 OID 16512)
-- Name: examen examen_id; Type: DEFAULT; Schema: public; Owner: postgres
--

ALTER TABLE ONLY public.examen ALTER COLUMN examen_id SET DEFAULT nextval('public.examen_examen_id_seq'::regclass);


--
-- TOC entry 3439 (class 2604 OID 16551)
-- Name: fuente_ingreso fuente_ingreso_id; Type: DEFAULT; Schema: public; Owner: postgres
--

ALTER TABLE ONLY public.fuente_ingreso ALTER COLUMN fuente_ingreso_id SET DEFAULT nextval('public.fuente_ingreso_fuente_ingreso_id_seq'::regclass);


--
-- TOC entry 3440 (class 2604 OID 16555)
-- Name: grado_militar grado_militar_id; Type: DEFAULT; Schema: public; Owner: postgres
--

ALTER TABLE ONLY public.grado_militar ALTER COLUMN grado_militar_id SET DEFAULT nextval('public.grado_militar_grado_militar_id_seq'::regclass);


--
-- TOC entry 3441 (class 2604 OID 16559)
-- Name: huerfano huerfano_id; Type: DEFAULT; Schema: public; Owner: postgres
--

ALTER TABLE ONLY public.huerfano ALTER COLUMN huerfano_id SET DEFAULT nextval('public.huerfano_huerfano_id_seq'::regclass);


--
-- TOC entry 3442 (class 2604 OID 16563)
-- Name: matricula matricula_id; Type: DEFAULT; Schema: public; Owner: postgres
--

ALTER TABLE ONLY public.matricula ALTER COLUMN matricula_id SET DEFAULT nextval('public.matricula_matricula_id_seq'::regclass);


--
-- TOC entry 3443 (class 2604 OID 16574)
-- Name: minusvalia minusvalia_id; Type: DEFAULT; Schema: public; Owner: postgres
--

ALTER TABLE ONLY public.minusvalia ALTER COLUMN minusvalia_id SET DEFAULT nextval('public.minusvalia_minusvalia_id_seq'::regclass);


--
-- TOC entry 3444 (class 2604 OID 16581)
-- Name: motivo_baja id_motivo_baja; Type: DEFAULT; Schema: public; Owner: postgres
--

ALTER TABLE ONLY public.motivo_baja ALTER COLUMN id_motivo_baja SET DEFAULT nextval('public.motivo_baja_id_motivo_baja_seq'::regclass);


--
-- TOC entry 3445 (class 2604 OID 16587)
-- Name: municipio idmunicipio; Type: DEFAULT; Schema: public; Owner: postgres
--

ALTER TABLE ONLY public.municipio ALTER COLUMN idmunicipio SET DEFAULT nextval('public.municipio_idmunicipio_seq'::regclass);


--
-- TOC entry 3446 (class 2604 OID 16591)
-- Name: nivel_escolar nivel_escolar_id; Type: DEFAULT; Schema: public; Owner: postgres
--

ALTER TABLE ONLY public.nivel_escolar ALTER COLUMN nivel_escolar_id SET DEFAULT nextval('public.nivel_escolar_nivel_escolar_id_seq'::regclass);


--
-- TOC entry 3447 (class 2604 OID 16595)
-- Name: ocupacion ocupacion_id; Type: DEFAULT; Schema: public; Owner: postgres
--

ALTER TABLE ONLY public.ocupacion ALTER COLUMN ocupacion_id SET DEFAULT nextval('public.ocupacion_ocupacion_id_seq'::regclass);


--
-- TOC entry 3448 (class 2604 OID 16599)
-- Name: ong ong_id; Type: DEFAULT; Schema: public; Owner: postgres
--

ALTER TABLE ONLY public.ong ALTER COLUMN ong_id SET DEFAULT nextval('public.ong_ong_id_seq'::regclass);


--
-- TOC entry 3449 (class 2604 OID 16606)
-- Name: organismo idorganismo; Type: DEFAULT; Schema: public; Owner: postgres
--

ALTER TABLE ONLY public.organismo ALTER COLUMN idorganismo SET DEFAULT nextval('public.organismo_idorganismo_seq'::regclass);


--
-- TOC entry 3450 (class 2604 OID 16610)
-- Name: organizacion_politica organizacion_politica_id; Type: DEFAULT; Schema: public; Owner: postgres
--

ALTER TABLE ONLY public.organizacion_politica ALTER COLUMN organizacion_politica_id SET DEFAULT nextval('public.organizacion_politica_organizacion_politica_id_seq'::regclass);


--
-- TOC entry 3451 (class 2604 OID 16614)
-- Name: organizacion_popular organizacion_popular_id; Type: DEFAULT; Schema: public; Owner: postgres
--

ALTER TABLE ONLY public.organizacion_popular ALTER COLUMN organizacion_popular_id SET DEFAULT nextval('public.organizacion_popular_organizacion_popular_id_seq'::regclass);


--
-- TOC entry 3452 (class 2604 OID 16621)
-- Name: pais idpais; Type: DEFAULT; Schema: public; Owner: postgres
--

ALTER TABLE ONLY public.pais ALTER COLUMN idpais SET DEFAULT nextval('public.pais_idpais_seq'::regclass);


--
-- TOC entry 3453 (class 2604 OID 16625)
-- Name: planestudio idplanestudio; Type: DEFAULT; Schema: public; Owner: postgres
--

ALTER TABLE ONLY public.planestudio ALTER COLUMN idplanestudio SET DEFAULT nextval('public.planestudio_idplanestudio_seq'::regclass);


--
-- TOC entry 3454 (class 2604 OID 16631)
-- Name: procedencia_escolar procedencia_escolar_id; Type: DEFAULT; Schema: public; Owner: postgres
--

ALTER TABLE ONLY public.procedencia_escolar ALTER COLUMN procedencia_escolar_id SET DEFAULT nextval('public.procedencia_escolar_procedencia_escolar_id_seq'::regclass);


--
-- TOC entry 3455 (class 2604 OID 16635)
-- Name: provincia idprovincia; Type: DEFAULT; Schema: public; Owner: postgres
--

ALTER TABLE ONLY public.provincia ALTER COLUMN idprovincia SET DEFAULT nextval('public.provincia_idprovincia_seq'::regclass);


--
-- TOC entry 3456 (class 2604 OID 16639)
-- Name: sexo sexo_id; Type: DEFAULT; Schema: public; Owner: postgres
--

ALTER TABLE ONLY public.sexo ALTER COLUMN sexo_id SET DEFAULT nextval('public.sexo_sexo_id_seq'::regclass);


--
-- TOC entry 3457 (class 2604 OID 16643)
-- Name: sindicato idsindicato; Type: DEFAULT; Schema: public; Owner: postgres
--

ALTER TABLE ONLY public.sindicato ALTER COLUMN idsindicato SET DEFAULT nextval('public.sindicato_idsindicato_seq'::regclass);


--
-- TOC entry 3458 (class 2604 OID 16647)
-- Name: tipo_asignatura tipo_asignatura_id; Type: DEFAULT; Schema: public; Owner: postgres
--

ALTER TABLE ONLY public.tipo_asignatura ALTER COLUMN tipo_asignatura_id SET DEFAULT nextval('public.tipo_asignatura_tipo_asignatura_id_seq'::regclass);


--
-- TOC entry 3459 (class 2604 OID 16651)
-- Name: tipo_baja id_tipo_baja; Type: DEFAULT; Schema: public; Owner: postgres
--

ALTER TABLE ONLY public.tipo_baja ALTER COLUMN id_tipo_baja SET DEFAULT nextval('public.tipo_baja_id_tipo_baja_seq'::regclass);


--
-- TOC entry 3460 (class 2604 OID 16655)
-- Name: tipo_evaluacion tipo_evaluacion_id; Type: DEFAULT; Schema: public; Owner: postgres
--

ALTER TABLE ONLY public.tipo_evaluacion ALTER COLUMN tipo_evaluacion_id SET DEFAULT nextval('public.tipo_evaluacion_tipo_evaluacion_id_seq'::regclass);


--
-- TOC entry 3461 (class 2604 OID 16659)
-- Name: tipo_militar id_tipo_militar; Type: DEFAULT; Schema: public; Owner: postgres
--

ALTER TABLE ONLY public.tipo_militar ALTER COLUMN id_tipo_militar SET DEFAULT nextval('public.tipo_militar_id_tipo_militar_seq'::regclass);


--
-- TOC entry 3462 (class 2604 OID 16666)
-- Name: tutor tutor_id; Type: DEFAULT; Schema: public; Owner: postgres
--

ALTER TABLE ONLY public.tutor ALTER COLUMN tutor_id SET DEFAULT nextval('public.tutor_tutor_id_seq'::regclass);


--
-- TOC entry 3834 (class 0 OID 16428)
-- Dependencies: 247
-- Data for Name: asignatura; Type: TABLE DATA; Schema: public; Owner: postgres
--

INSERT INTO public.asignatura VALUES (1, '1AQ', 'Introduccin a la Programacin', 'IP', false, 1, 1, true, true, 'IDS', 1);
INSERT INTO public.asignatura VALUES (2, '2AQ', 'Diseo y Programacin Orientada a Objetos', 'DPOO', false, 1, 1, true, true, 'IDS', 1);
INSERT INTO public.asignatura VALUES (3, '1qaz', 'Elementos', 'El', false, 3, 1, true, true, ',mcpo9', 2);


--
-- TOC entry 3835 (class 0 OID 16434)
-- Dependencies: 248
-- Data for Name: asignatura_asignatura; Type: TABLE DATA; Schema: public; Owner: postgres
--

INSERT INTO public.asignatura_asignatura VALUES (1, 2, false);


--
-- TOC entry 3836 (class 0 OID 16437)
-- Dependencies: 249
-- Data for Name: authorities; Type: TABLE DATA; Schema: public; Owner: postgres
--

INSERT INTO public.authorities VALUES ('gabrielpg', 'ROLE_ADMIN');
INSERT INTO public.authorities VALUES ('gabrielpg', 'ROLE_SECRETARIA');
INSERT INTO public.authorities VALUES ('gabrielpg', 'ROLE_SECRETARIO_GENERAL');
INSERT INTO public.authorities VALUES ('gabrielpg', 'ROLE_CONTROLADOR');
INSERT INTO public.authorities VALUES ('gabrielpg', 'ROLE_MATRICULADOR');
INSERT INTO public.authorities VALUES ('ead', 'ROLE_ADMIN');


--
-- TOC entry 3837 (class 0 OID 16440)
-- Dependencies: 250
-- Data for Name: baja; Type: TABLE DATA; Schema: public; Owner: postgres
--

INSERT INTO public.baja VALUES (1, 4, '2023-04-21', '2023-2024', '', '120', 1, '94091027302', '2023-04-18', true);
INSERT INTO public.baja VALUES (1, 6, '2023-04-21', '2023-2024', '', '120', 1, '94091027302', '2023-04-18', true);
INSERT INTO public.baja VALUES (1, 4, '2023-04-26', '2023-2024', '', '120', 1, '94091027302', '2023-04-18', true);


--
-- TOC entry 3838 (class 0 OID 16445)
-- Dependencies: 251
-- Data for Name: carrera; Type: TABLE DATA; Schema: public; Owner: postgres
--

INSERT INTO public.carrera VALUES (1, false, 39, '120');
INSERT INTO public.carrera VALUES (2, false, 35, '120');


--
-- TOC entry 3839 (class 0 OID 16449)
-- Dependencies: 252
-- Data for Name: carrera_curso; Type: TABLE DATA; Schema: public; Owner: postgres
--

INSERT INTO public.carrera_curso VALUES (1, '2023-2024', 3, false);
INSERT INTO public.carrera_curso VALUES (2, '2023-2024', 3, false);


--
-- TOC entry 3840 (class 0 OID 16452)
-- Dependencies: 253
-- Data for Name: carreranacional; Type: TABLE DATA; Schema: public; Owner: postgres
--

INSERT INTO public.carreranacional VALUES (1, '041600', 'Ingeniera Forestal', NULL, false, 4);
INSERT INTO public.carreranacional VALUES (2, '011600', 'Ingeniera Biomdica', NULL, false, 1);
INSERT INTO public.carreranacional VALUES (3, '063700', 'Lengua Inglesa (Con segunda Lengua Extranjera)', NULL, false, 6);
INSERT INTO public.carreranacional VALUES (4, '023001', 'Fsica Nclear Aplicada', NULL, false, 2);
INSERT INTO public.carreranacional VALUES (5, '022100', 'Matemtica', NULL, false, 2);
INSERT INTO public.carreranacional VALUES (6, '063501', 'Periodismo', NULL, false, 6);
INSERT INTO public.carreranacional VALUES (7, '100500', 'Comunicacin Audiovisual', NULL, false, 9);
INSERT INTO public.carreranacional VALUES (8, '064000', 'Letras', NULL, false, 6);
INSERT INTO public.carreranacional VALUES (9, '030100', 'Medicina', NULL, false, 3);
INSERT INTO public.carreranacional VALUES (10, '064801', 'Lengua Inglesa (Preparatoria)', NULL, false, 6);
INSERT INTO public.carreranacional VALUES (11, '064900', 'Relaciones Internacionales', NULL, false, 6);
INSERT INTO public.carreranacional VALUES (12, '022200', 'Fsica', NULL, false, 2);
INSERT INTO public.carreranacional VALUES (13, '022000', 'Ciencias de la Computacin', NULL, false, 2);
INSERT INTO public.carreranacional VALUES (14, '022300', 'Qumica', NULL, false, 2);
INSERT INTO public.carreranacional VALUES (15, '051800', 'Economa', NULL, false, 5);
INSERT INTO public.carreranacional VALUES (16, '010200', 'Ingeniera en Minas', NULL, false, 1);
INSERT INTO public.carreranacional VALUES (17, '011401', 'Diseo Industrial', NULL, false, 1);
INSERT INTO public.carreranacional VALUES (18, '022400', 'Geografa', NULL, false, 2);
INSERT INTO public.carreranacional VALUES (19, '063100', 'Historia', NULL, false, 6);
INSERT INTO public.carreranacional VALUES (20, '030300', 'Enfermera', NULL, false, 3);
INSERT INTO public.carreranacional VALUES (21, '100400', 'Arte Teatral', NULL, false, 9);
INSERT INTO public.carreranacional VALUES (22, '064600', 'Lengua de seas', NULL, false, 6);
INSERT INTO public.carreranacional VALUES (23, '100200', 'Artes plsticas', NULL, false, 9);
INSERT INTO public.carreranacional VALUES (24, '042000', 'Ingeniera Agrcola', NULL, false, 4);
INSERT INTO public.carreranacional VALUES (25, '064700', 'Preservacin y Gestin del Patrimonio Histrico Cultural', NULL, false, 6);
INSERT INTO public.carreranacional VALUES (26, '064200', 'Sociologa', NULL, false, 6);
INSERT INTO public.carreranacional VALUES (27, '063800', 'Lengua Alemana (Con segunda Lengua Extranjera)', NULL, false, 6);
INSERT INTO public.carreranacional VALUES (28, '041502', 'Ingeniera Agropecuaria', NULL, false, 4);
INSERT INTO public.carreranacional VALUES (29, '100100', 'Msica', NULL, false, 9);
INSERT INTO public.carreranacional VALUES (30, '022600', 'Biologa', NULL, false, 2);
INSERT INTO public.carreranacional VALUES (31, '063900', 'Lengua Francesa (Con segunda Lengua Extranjera)', NULL, false, 6);
INSERT INTO public.carreranacional VALUES (32, '011700', 'Ingeniera Fsica', NULL, false, 1);
INSERT INTO public.carreranacional VALUES (33, '041500', 'Agronoma', NULL, false, 4);
INSERT INTO public.carreranacional VALUES (34, '010400', 'Ingeniera Mecnica', 'Ingeniero Mecnico', false, 1);
INSERT INTO public.carreranacional VALUES (35, '011000', 'Ingeniera Industrial', 'Ingeniero Industrial', false, 1);
INSERT INTO public.carreranacional VALUES (36, '010500', 'Ingeniera Elctrica', 'Ingeniero Electricista', false, 1);
INSERT INTO public.carreranacional VALUES (37, '010700', 'Ingeniera en Telecomunicaciones y Electrnica', 'Ingeniero en Telecomunicaciones y Electrnica', false, 1);
INSERT INTO public.carreranacional VALUES (38, '010900', 'Ingeniera Qumica', 'Ingeniero Qumico', false, 1);
INSERT INTO public.carreranacional VALUES (39, '010800', 'Ingeniera Informtica', 'Ingeniero Informtico', false, 1);
INSERT INTO public.carreranacional VALUES (40, '011100', 'Ingeniera Hidrulica', 'Ingeniero Hidrulico', false, 1);
INSERT INTO public.carreranacional VALUES (41, '011001', 'Organizacin de Empresas', 'Ingeniero Industrial Especializacin Organizacin de Empresas', false, 1);
INSERT INTO public.carreranacional VALUES (42, '072400', 'Educacin Especial', 'Licenciado en Educacin Especial', false, 7);
INSERT INTO public.carreranacional VALUES (43, '072800', 'Educacin Primaria', 'Licenciado en Educacin Primaria', false, 7);
INSERT INTO public.carreranacional VALUES (44, '073500', 'Educacin Agropecuaria', 'Licenciado en Educacin Agropecuaria', false, 7);
INSERT INTO public.carreranacional VALUES (45, '072200', 'Educacin Economa', 'Licenciado en Educacin Economa', false, 7);
INSERT INTO public.carreranacional VALUES (46, '073400', 'Educacin Mecnica', 'Licenciado en Educacin Mecnica', false, 7);
INSERT INTO public.carreranacional VALUES (47, '064800', 'Lengua Espaola para Estudiantes no Hispanohablantes', NULL, false, 6);
INSERT INTO public.carreranacional VALUES (48, '020302', 'Radioqumica', NULL, false, 2);
INSERT INTO public.carreranacional VALUES (49, '011500', 'Diseo de Comunicacin Visual', NULL, false, 1);
INSERT INTO public.carreranacional VALUES (50, '022900', 'Ciencias Farmacuticas', NULL, false, 2);
INSERT INTO public.carreranacional VALUES (51, '100300', 'Arte Danzario', NULL, false, 9);
INSERT INTO public.carreranacional VALUES (52, '022700', 'Microbiologa', NULL, false, 2);
INSERT INTO public.carreranacional VALUES (53, '030200', 'Estomatologa', NULL, false, 3);
INSERT INTO public.carreranacional VALUES (54, '063600', 'Lengua Rusa (Con segunda Lengua Extranjera)', NULL, false, 6);
INSERT INTO public.carreranacional VALUES (55, '022801', 'Ciencias Alimentarias', NULL, false, 2);
INSERT INTO public.carreranacional VALUES (56, '041900', 'Ingeniera en Mecanizacin de la Produccin Agropecuaria', NULL, false, 4);
INSERT INTO public.carreranacional VALUES (57, '030400', 'Tecnologa de la salud', NULL, false, 3);
INSERT INTO public.carreranacional VALUES (58, '074200', 'Educacin Mecanizacin', NULL, false, 7);
INSERT INTO public.carreranacional VALUES (59, '063300', 'Historia del Arte', NULL, false, 6);
INSERT INTO public.carreranacional VALUES (60, '064400', 'Estudios Socioculturales', 'Licenciado en Estudios Socioculturales', false, 6);
INSERT INTO public.carreranacional VALUES (61, '071300', 'Educacin Lengua Extranjera (Ingls)', 'Licenciado en Educacin Especialidad Lengua Extranjera (Ingls)', false, 7);
INSERT INTO public.carreranacional VALUES (62, '063400', 'Derecho', 'Licenciado en Derecho', false, 6);
INSERT INTO public.carreranacional VALUES (63, '051900', 'Contabilidad y Finanzas', 'Licenciado en Contabilidad y Finanzas', false, 5);
INSERT INTO public.carreranacional VALUES (64, '064300', 'Psicologa', 'Licenciado en Psicologa', false, 6);
INSERT INTO public.carreranacional VALUES (65, '063500', 'Comunicacin Social', 'Licenciado en Comunicacin Social', false, 6);
INSERT INTO public.carreranacional VALUES (66, '023100', 'Meteorologa', NULL, false, 2);
INSERT INTO public.carreranacional VALUES (67, '011900', 'Ingenieria Geofisica', NULL, false, 1);
INSERT INTO public.carreranacional VALUES (68, '052000', 'Turismo', NULL, false, 5);
INSERT INTO public.carreranacional VALUES (69, '090300', 'Cultura Fsica', 'Licenciado en Cultura Fsica', false, 8);
INSERT INTO public.carreranacional VALUES (70, '074100', 'Educacin Logopedia', 'Licenciado en Educacin Logopedia', false, 7);
INSERT INTO public.carreranacional VALUES (71, '071400', 'Educacin Construccin', 'Licenciado en Educacin Construccin', false, 7);
INSERT INTO public.carreranacional VALUES (72, '073300', 'Educacin Elctrica', 'Licenciado en Educacin Elctrica', false, 7);
INSERT INTO public.carreranacional VALUES (73, '073600', 'Educacin Pedagoga-Psicologa', 'Licenciado en Educacin Pedagoga-Psicologa', false, 7);
INSERT INTO public.carreranacional VALUES (74, '074300', 'Educacin Instructor de Arte', 'Licenciado en Instructor de Arte', false, 7);
INSERT INTO public.carreranacional VALUES (75, '074400', 'Educacin Matemtica-Fsica', 'Licenciado en Educacin Matemtica -Fsica', false, 7);
INSERT INTO public.carreranacional VALUES (76, '074500', 'Educacin Biologa-Qumica', 'Licenciado en Educacin Biologa -Geografa', false, 7);
INSERT INTO public.carreranacional VALUES (77, '074600', 'Educacin Biologa-Geografa', 'Licenciado en Educacin Biologa -Qumica', false, 7);
INSERT INTO public.carreranacional VALUES (78, '074900', 'Educacin Espaol-Literatura', 'Licenciado en Educacin Espaol-Literatura', false, 7);
INSERT INTO public.carreranacional VALUES (79, '010100', 'Ingeniera Geolgica', NULL, false, 1);
INSERT INTO public.carreranacional VALUES (80, '010300', 'Ingeniera en Metalurgia y Materiales', 'Ingeniero Metalrgico', false, 1);
INSERT INTO public.carreranacional VALUES (81, '010600', 'Ingeniera Automtica', 'Ingeniero en Automtica', false, 1);
INSERT INTO public.carreranacional VALUES (82, '011200', 'Ingeniera Civil', 'Ingeniero Civil', false, 1);
INSERT INTO public.carreranacional VALUES (83, '011300', 'Arquitectura y Urbanismo', 'Arquitecto', false, 1);
INSERT INTO public.carreranacional VALUES (84, '011800', 'Ingeniera en Ciencias Informticas', NULL, false, 1);
INSERT INTO public.carreranacional VALUES (85, '022500', 'Bioqumica y Biologa Molecular', NULL, false, 2);
INSERT INTO public.carreranacional VALUES (86, '023003', 'Ingeniera en Tecnologas Nucleares y Energticas', NULL, false, 2);
INSERT INTO public.carreranacional VALUES (87, '063200', 'Filosofa Marxista Leninista', NULL, false, 6);
INSERT INTO public.carreranacional VALUES (88, '071100', 'Educacin Preescolar', 'Licenciado en Educacin Preescolar', false, 7);
INSERT INTO public.carreranacional VALUES (89, '030401', 'Bioanlisis Clnico', NULL, false, 3);
INSERT INTO public.carreranacional VALUES (90, '030402', 'Imagenologa y Radiofsica Mdica', NULL, false, 3);
INSERT INTO public.carreranacional VALUES (91, '030403', 'Optometra y ptica', NULL, false, 3);
INSERT INTO public.carreranacional VALUES (92, '030404', 'Rehabilitacin en Salud', NULL, false, 3);
INSERT INTO public.carreranacional VALUES (93, '030405', 'Nutricin', NULL, false, 3);
INSERT INTO public.carreranacional VALUES (94, '030406', 'Higiene y Epidemiologa', NULL, false, 3);
INSERT INTO public.carreranacional VALUES (95, '030407', 'Logofonoaudiologa', NULL, false, 3);
INSERT INTO public.carreranacional VALUES (96, '030408', 'Sistema de Informacin en Salud', NULL, false, 3);
INSERT INTO public.carreranacional VALUES (97, '063601', 'Lengua Rusa (Preparatoria)', NULL, false, 6);
INSERT INTO public.carreranacional VALUES (98, '063801', 'Lengua Alemana (Preparatoria)', NULL, false, 6);
INSERT INTO public.carreranacional VALUES (99, '063901', 'Lengua Francesa (Preparatoria)', NULL, false, 6);
INSERT INTO public.carreranacional VALUES (100, '064102', 'Ciencias de la Informacin', NULL, false, 6);
INSERT INTO public.carreranacional VALUES (101, '070300', 'Educacin Lengua Inglesa', 'Licenciado en Educacin Lengua Extranjera (Ingls)', false, 7);
INSERT INTO public.carreranacional VALUES (102, '074700', 'Educacin Laboral-Informtica', 'Licenciado en Educacin Espaol-Literatura', false, 7);
INSERT INTO public.carreranacional VALUES (103, '074800', 'Educacin Qumica Industrial', 'Licenciado en Educacin Educacin Laboral-Informtica', false, 7);
INSERT INTO public.carreranacional VALUES (104, '074901', 'Educacin Informtica', NULL, false, 7);
INSERT INTO public.carreranacional VALUES (105, '041800', 'Ingeniera en Procesos Agroindustriales', 'Ingeniero en Procesos Agroindustriales', false, 4);
INSERT INTO public.carreranacional VALUES (106, '070200', 'Educacin Marxismo Leninismo e Historia', 'Licenciado en Educacin Marxismo Leninismo e Historia', false, 7);
INSERT INTO public.carreranacional VALUES (107, '041700', 'Medicina Veterinaria y Zootecnia', 'Doctor en Medicina Veterinaria y Zootecnia', false, 4);
INSERT INTO public.carreranacional VALUES (108, '075400', 'Educacin Qumica', NULL, false, 7);
INSERT INTO public.carreranacional VALUES (109, '075700', 'Educacin Laboral', NULL, false, 7);
INSERT INTO public.carreranacional VALUES (110, '075500', 'Educacin Geografa', NULL, false, 7);
INSERT INTO public.carreranacional VALUES (111, '075300', 'Educacin Biologa', NULL, false, 7);
INSERT INTO public.carreranacional VALUES (112, '075100', 'Educacin Matemtica', NULL, false, 7);
INSERT INTO public.carreranacional VALUES (113, '075200', 'Educacin en Fsica', NULL, false, 7);
INSERT INTO public.carreranacional VALUES (114, '075000', 'Educacin Artstica', 'Licenciado en Educacin Artstica', false, 7);
INSERT INTO public.carreranacional VALUES (115, '070301', 'Educacin Lengua Extranjera: Ingls para profesores de Educacin Superior', NULL, false, 7);
INSERT INTO public.carreranacional VALUES (116, '064401', 'Gestin Sociocultural para el Desarrollo', NULL, false, 6);
INSERT INTO public.carreranacional VALUES (117, '041702', 'Medicina Veterinaria', NULL, false, 4);
INSERT INTO public.carreranacional VALUES (118, '001501', 'Tcnico Superior en Administracin de Redes y Seguridad Informtica (ARSI)', '', false, 1);
INSERT INTO public.carreranacional VALUES (119, '001533', 'Tcnico Superior en Agua y Saneamiento', '', false, 1);
INSERT INTO public.carreranacional VALUES (120, '001534', 'Tcnico Superior en Electromecnica de equipos ferroviarios', '', false, 1);
INSERT INTO public.carreranacional VALUES (121, '001535', 'Tcnico Superior en Geologa', '', false, 1);
INSERT INTO public.carreranacional VALUES (122, '001537', 'Tcnico Superior en Gestin de la infraestructura ferroviaria', '', false, 1);
INSERT INTO public.carreranacional VALUES (123, '001540', 'Tcnico Superior en Montaje Industrial', '', false, 1);
INSERT INTO public.carreranacional VALUES (124, '001541', 'Tcnico Superior en Riego y Drenaje', '', false, 1);
INSERT INTO public.carreranacional VALUES (125, '001542', 'Tcnico Superior en Transporte Automotor', '', false, 1);
INSERT INTO public.carreranacional VALUES (126, '005529', 'Tcnico Superior en Comercio Sostenible', '', false, 5);
INSERT INTO public.carreranacional VALUES (127, '005530', 'Tcnico Superior en Logstica', '', false, 5);
INSERT INTO public.carreranacional VALUES (128, '005531', 'Tcnico Superior en Asistencia Turstica', '', false, 5);
INSERT INTO public.carreranacional VALUES (129, '005539', 'Tcnico Superior en Mantenimiento para el Turismo', '', false, 5);
INSERT INTO public.carreranacional VALUES (130, '005544', 'Tcnico Superior en Auditora', '', false, 5);
INSERT INTO public.carreranacional VALUES (131, '006536', 'Tcnico Superior en Gestin de la Administracin Pblica', '', false, 6);
INSERT INTO public.carreranacional VALUES (132, '006538', 'Tcnico Superior en Interpretacin de la Lengua de Seas Cubanas', '', false, 6);
INSERT INTO public.carreranacional VALUES (133, '006543', 'Tcnico Superior en Gestin del Desarrollo Local Sostenible', '', false, 6);
INSERT INTO public.carreranacional VALUES (134, '007502', 'Profesor de Matemtica para Secundaria Bsica', '', false, 7);
INSERT INTO public.carreranacional VALUES (135, '007503', 'Profesor de Fsica para Secundaria Bsica', '', false, 7);
INSERT INTO public.carreranacional VALUES (136, '007504', 'Profesor de Qumica para Secundaria Bsica', '', false, 7);
INSERT INTO public.carreranacional VALUES (137, '007505', 'Profesor de Biologa para Secundaria Bsica', '', false, 7);
INSERT INTO public.carreranacional VALUES (138, '007506', 'Profesor de Geografa para Secundaria Bsica', '', false, 7);
INSERT INTO public.carreranacional VALUES (139, '007507', 'Profesor de Educacin Laboral para Secundaria Bsica', '', false, 7);
INSERT INTO public.carreranacional VALUES (140, '007508', 'Profesor de Espaol para Secundaria Bsica', '', false, 7);
INSERT INTO public.carreranacional VALUES (141, '007509', 'Profesor de Historia y Educacin Moral y Ciudadana para Secundaria Bsica', '', false, 7);
INSERT INTO public.carreranacional VALUES (142, '007527', 'Profesor de Educacin Artstica para Secundaria Bsica', '', false, 7);
INSERT INTO public.carreranacional VALUES (143, '009528', 'Tcnico Superior en Entrenamiento Deportivo', '', false, 8);
INSERT INTO public.carreranacional VALUES (144, '011802', 'Ingeniera en Ciberseguridad', NULL, false, 1);
INSERT INTO public.carreranacional VALUES (145, '022701', 'Microbiologa y Virologa', NULL, false, 2);
INSERT INTO public.carreranacional VALUES (146, '023004', 'Fsica Nuclear', NULL, false, 2);
INSERT INTO public.carreranacional VALUES (147, '063201', 'Filosofa', NULL, false, 6);
INSERT INTO public.carreranacional VALUES (148, '100700', 'Artes Visuales', NULL, false, 9);
INSERT INTO public.carreranacional VALUES (149, '100800', 'Arte de los Medios de Comunicacin Visual', NULL, false, 9);
INSERT INTO public.carreranacional VALUES (150, '001546', 'Tcnico Superior Profesor de Elctrica', '', false, 1);
INSERT INTO public.carreranacional VALUES (151, '001547', 'Tcnico Superior Profesor de Mecnica', '', false, 1);
INSERT INTO public.carreranacional VALUES (152, '001548', 'Tcnico Superior Profesor de Mecanizacin', '', false, 1);
INSERT INTO public.carreranacional VALUES (153, '004550', 'Tcnico Superior Profesor de Agropecuaria', '', false, 4);
INSERT INTO public.carreranacional VALUES (154, '005551', 'Tcnico Superior Profesor de Economa', '', false, 5);
INSERT INTO public.carreranacional VALUES (155, '001549', 'Tcnico Superior Profesor de Construccin', '', false, 1);
INSERT INTO public.carreranacional VALUES (156, '006552', 'Tcnico Superior Profesor de Interpretacin de seas Cubanas', '', false, 6);
INSERT INTO public.carreranacional VALUES (157, '008553', 'Ingeniero en Equipos Radioelectrnicos de Aviacin', '', false, 12);
INSERT INTO public.carreranacional VALUES (158, '008554', 'Ingeniero en Medios Tcnicos de aseguramiento de Aerdromos', '', false, 12);
INSERT INTO public.carreranacional VALUES (159, '008855', 'Ingeniero en Telecomunicaciones CACSA', '', false, 12);
INSERT INTO public.carreranacional VALUES (160, '005556', 'Tcnico Superior en Administracin Tributaria', '', false, 5);
INSERT INTO public.carreranacional VALUES (161, '001557', 'Tcnico Superior de Tecnologa para el Montaje Industrial', '', false, 1);
INSERT INTO public.carreranacional VALUES (162, '005558', 'Tcnico Superior en Servicios Tcnicos a Instalaciones Tursticas', '', false, 5);
INSERT INTO public.carreranacional VALUES (163, '001559', 'Tcnico Superior en Explotacin y Mantenimiento del Transporte Automotor', '', false, 1);
INSERT INTO public.carreranacional VALUES (164, '008560', 'Ingeniero en radioelectrnico en equipos electro automticos de aviacin', '', false, 12);
INSERT INTO public.carreranacional VALUES (165, '008561', 'Tcnico Superior en Radioelectrnico en equipos electro automticos de aviacin', '', false, 12);
INSERT INTO public.carreranacional VALUES (166, '008562', 'Tcnico Superior Mecnico Aeronutico en Motores y Estructuras', '', false, 12);
INSERT INTO public.carreranacional VALUES (167, '008563', 'Tcnico Superior Mecnico en Aseguramiento Tcnico en Equipos Especiales', '', false, 12);
INSERT INTO public.carreranacional VALUES (168, '003524', 'Tcnico Superior en Trabajo Social', NULL, false, 3);
INSERT INTO public.carreranacional VALUES (169, '004551', 'Tcnico Superior Agroindustrial en Tabaco', NULL, false, 4);
INSERT INTO public.carreranacional VALUES (170, '006532', 'Tcnico Superior en Asistencia Jurdica', '', false, 6);
INSERT INTO public.carreranacional VALUES (171, '005548', 'Tcnico Superior en Riesgo de Impago en el Turismo', NULL, false, 5);
INSERT INTO public.carreranacional VALUES (172, '002549', 'Tcnico Superior en Procesos Qumicos', NULL, false, 2);
INSERT INTO public.carreranacional VALUES (173, '001558', 'Tcnico Superior en Metrologa', NULL, false, 1);
INSERT INTO public.carreranacional VALUES (174, '012100', 'Ingeniera en Transporte', NULL, false, 1);
INSERT INTO public.carreranacional VALUES (175, '022001', 'Ciencia de Datos', NULL, false, 2);
INSERT INTO public.carreranacional VALUES (176, '030409', 'Servicios Estomatolgicos', NULL, false, 3);
INSERT INTO public.carreranacional VALUES (177, '002555', 'Tcnico Superior en Gestin de Residuos Slidos Urbanos e Industriales', NULL, false, 2);
INSERT INTO public.carreranacional VALUES (178, '004554', 'Tcnico Superior en Gestin de la Innovacin Agraria', NULL, false, 4);
INSERT INTO public.carreranacional VALUES (179, '006556', 'Tcnico Superior en Gestin y Desarrollo Cooperativo Agropecuario', NULL, false, 6);
INSERT INTO public.carreranacional VALUES (180, '005552', 'Tcnico Superior en Comercio Agropecuario', NULL, false, 5);


--
-- TOC entry 3841 (class 0 OID 16458)
-- Dependencies: 254
-- Data for Name: color_piel; Type: TABLE DATA; Schema: public; Owner: postgres
--

INSERT INTO public.color_piel VALUES (1, 'Blanco', false);
INSERT INTO public.color_piel VALUES (2, 'Negro', false);
INSERT INTO public.color_piel VALUES (3, 'Mestizo (Mulato)', false);
INSERT INTO public.color_piel VALUES (4, 'Amarillo', false);


--
-- TOC entry 3842 (class 0 OID 16462)
-- Dependencies: 255
-- Data for Name: cum; Type: TABLE DATA; Schema: public; Owner: postgres
--

INSERT INTO public.cum VALUES ('', '', '', '', '', '', '', '', '', '', false, '', -1);
INSERT INTO public.cum VALUES ('06815.0211', 'CUM Nueva Paz', 'Docente - Investigativa', 'CUM Nueva Paz', 'OLPP calle 12 esq 15', '', '', 'Neysi Molina Borges', 'Lic. Olga Lidia Rodrguez Snchez', 'Continuidad de Estudios', false, '223.0.06815', 92);
INSERT INTO public.cum VALUES ('06815.0216', 'CUM Quivicn', 'Docente - Investigativa', 'CUM Quivicn', '', '', '', '', '', 'Continuidad de Estudios', false, '223.0.06815', 97);
INSERT INTO public.cum VALUES ('06815.0209', 'CUM Santa Cruz', 'Docente - Investigativa', 'CUM Santa Cruz del Norte', 'Escuela MINAZ Carretera CAI Camilo Cienfuegos', '', '', 'Lic. Adriana Sosa Gonzlez', 'Lic. Miguel Ramn Garca Guzmn', 'Continuidad de Estudios', false, '223.0.06815', 90);
INSERT INTO public.cum VALUES ('06815.0207', 'CUM San Jos', 'Docente - Investigativa', 'CUM San Jos de las Lajas', '', '', '', 'Aleiny Ojito Martnez', 'Lic. Edaida Rivero Palenzuela', 'Continuidad de Estudios', false, '223.0.06815', 88);
INSERT INTO public.cum VALUES ('0221', 'CUM Bejucal', 'Docente - Investigativa', 'CUM Bejucal', 'Calle 4 # 1706 e/ 17 y 19', '', '', '', '', 'Continuidad de Estudios', false, '223.0.06815', 87);
INSERT INTO public.cum VALUES ('06815.0215', 'CUM Bataban', 'Docente - Investigativa', 'CUM Bataban', '', '', '', 'Georgi Licea Prez', 'MsC. Marln Tabares Mesa', 'Continuidad de Estudios', false, '223.0.06815', 96);
INSERT INTO public.cum VALUES ('06815.0212', 'CUM San Nicols', 'Docente - Investigativa', 'CUM San Nicols de Bari', 'Ave 63 #4825 %48 y 52', '', '', '', 'MsC. Artemio Martnez Rosa', 'Continuidad de Estudios', false, '223.0.06815', 93);
INSERT INTO public.cum VALUES ('06815.0213', 'CUM Guines', 'Docente - Investigativa', 'CUM Guines', 'Ave 91 e/ 74 y 76', '', '', '', 'Elizabeth Prez Mateu', 'Continuidad de Estudios', false, '223.0.06815', 94);
INSERT INTO public.cum VALUES ('06815.0214', 'CUM Melena ', 'Docente - Investigativa', 'CUM Melena del Sur', '', '', '', 'Lic. Syliany Saldaa Fumero', '', 'Continuidad de Estudios', false, '223.0.06815', 95);
INSERT INTO public.cum VALUES ('06815.0210', 'CUM Madruga', 'Docente - Investigativa', 'CUM Madruga', 'Ave 33 e/ Calle 34 y Calle 36, #3404', '', '', 'Jacqueline Arteaga Barrueta', 'MsC. Alideylis Mndez Snchez', 'Continuidad de Estudios', false, '223.0.06815', 91);
INSERT INTO public.cum VALUES ('0225', 'CUM Jaruco', 'Docente - Investigativa', 'CUM Jaruco', '', '', '', 'Tatiana Rodrguez Salazar', '', 'Continuidad de Estudios', false, '223.0.06815', 89);


--
-- TOC entry 3843 (class 0 OID 16467)
-- Dependencies: 256
-- Data for Name: cum_authorities; Type: TABLE DATA; Schema: public; Owner: postgres
--

INSERT INTO public.cum_authorities VALUES ('0221', 'gabrielpg', 'ROLE_ADMIN');
INSERT INTO public.cum_authorities VALUES ('0225', 'gabrielpg', 'ROLE_ADMIN');
INSERT INTO public.cum_authorities VALUES ('06815.0207', 'gabrielpg', 'ROLE_ADMIN');
INSERT INTO public.cum_authorities VALUES ('06815.0209', 'gabrielpg', 'ROLE_ADMIN');
INSERT INTO public.cum_authorities VALUES ('06815.0210', 'gabrielpg', 'ROLE_ADMIN');
INSERT INTO public.cum_authorities VALUES ('06815.0211', 'gabrielpg', 'ROLE_ADMIN');
INSERT INTO public.cum_authorities VALUES ('06815.0212', 'gabrielpg', 'ROLE_ADMIN');
INSERT INTO public.cum_authorities VALUES ('06815.0213', 'gabrielpg', 'ROLE_ADMIN');
INSERT INTO public.cum_authorities VALUES ('06815.0214', 'gabrielpg', 'ROLE_ADMIN');
INSERT INTO public.cum_authorities VALUES ('06815.0215', 'gabrielpg', 'ROLE_ADMIN');
INSERT INTO public.cum_authorities VALUES ('06815.0216', 'gabrielpg', 'ROLE_ADMIN');
INSERT INTO public.cum_authorities VALUES ('0221', 'gabrielpg', 'ROLE_SECRETARIA');
INSERT INTO public.cum_authorities VALUES ('0225', 'gabrielpg', 'ROLE_SECRETARIA');
INSERT INTO public.cum_authorities VALUES ('06815.0207', 'gabrielpg', 'ROLE_SECRETARIA');
INSERT INTO public.cum_authorities VALUES ('06815.0209', 'gabrielpg', 'ROLE_SECRETARIA');
INSERT INTO public.cum_authorities VALUES ('06815.0210', 'gabrielpg', 'ROLE_SECRETARIA');
INSERT INTO public.cum_authorities VALUES ('06815.0211', 'gabrielpg', 'ROLE_SECRETARIA');
INSERT INTO public.cum_authorities VALUES ('06815.0212', 'gabrielpg', 'ROLE_SECRETARIA');
INSERT INTO public.cum_authorities VALUES ('06815.0213', 'gabrielpg', 'ROLE_SECRETARIA');
INSERT INTO public.cum_authorities VALUES ('06815.0214', 'gabrielpg', 'ROLE_SECRETARIA');
INSERT INTO public.cum_authorities VALUES ('06815.0215', 'gabrielpg', 'ROLE_SECRETARIA');
INSERT INTO public.cum_authorities VALUES ('06815.0216', 'gabrielpg', 'ROLE_SECRETARIA');
INSERT INTO public.cum_authorities VALUES ('0221', 'gabrielpg', 'ROLE_SECRETARIO_GENERAL');
INSERT INTO public.cum_authorities VALUES ('0225', 'gabrielpg', 'ROLE_SECRETARIO_GENERAL');
INSERT INTO public.cum_authorities VALUES ('06815.0207', 'gabrielpg', 'ROLE_SECRETARIO_GENERAL');
INSERT INTO public.cum_authorities VALUES ('06815.0209', 'gabrielpg', 'ROLE_SECRETARIO_GENERAL');
INSERT INTO public.cum_authorities VALUES ('06815.0210', 'gabrielpg', 'ROLE_SECRETARIO_GENERAL');
INSERT INTO public.cum_authorities VALUES ('06815.0211', 'gabrielpg', 'ROLE_SECRETARIO_GENERAL');
INSERT INTO public.cum_authorities VALUES ('06815.0212', 'gabrielpg', 'ROLE_SECRETARIO_GENERAL');
INSERT INTO public.cum_authorities VALUES ('06815.0213', 'gabrielpg', 'ROLE_SECRETARIO_GENERAL');
INSERT INTO public.cum_authorities VALUES ('06815.0214', 'gabrielpg', 'ROLE_SECRETARIO_GENERAL');
INSERT INTO public.cum_authorities VALUES ('06815.0215', 'gabrielpg', 'ROLE_SECRETARIO_GENERAL');
INSERT INTO public.cum_authorities VALUES ('06815.0216', 'gabrielpg', 'ROLE_SECRETARIO_GENERAL');
INSERT INTO public.cum_authorities VALUES ('0221', 'gabrielpg', 'ROLE_CONTROLADOR');
INSERT INTO public.cum_authorities VALUES ('0225', 'gabrielpg', 'ROLE_CONTROLADOR');
INSERT INTO public.cum_authorities VALUES ('06815.0207', 'gabrielpg', 'ROLE_CONTROLADOR');
INSERT INTO public.cum_authorities VALUES ('06815.0209', 'gabrielpg', 'ROLE_CONTROLADOR');
INSERT INTO public.cum_authorities VALUES ('06815.0210', 'gabrielpg', 'ROLE_CONTROLADOR');
INSERT INTO public.cum_authorities VALUES ('06815.0211', 'gabrielpg', 'ROLE_CONTROLADOR');
INSERT INTO public.cum_authorities VALUES ('06815.0212', 'gabrielpg', 'ROLE_CONTROLADOR');
INSERT INTO public.cum_authorities VALUES ('06815.0213', 'gabrielpg', 'ROLE_CONTROLADOR');
INSERT INTO public.cum_authorities VALUES ('06815.0214', 'gabrielpg', 'ROLE_CONTROLADOR');
INSERT INTO public.cum_authorities VALUES ('06815.0215', 'gabrielpg', 'ROLE_CONTROLADOR');
INSERT INTO public.cum_authorities VALUES ('06815.0216', 'gabrielpg', 'ROLE_CONTROLADOR');
INSERT INTO public.cum_authorities VALUES ('0221', 'gabrielpg', 'ROLE_MATRICULADOR');
INSERT INTO public.cum_authorities VALUES ('0225', 'gabrielpg', 'ROLE_MATRICULADOR');
INSERT INTO public.cum_authorities VALUES ('06815.0207', 'gabrielpg', 'ROLE_MATRICULADOR');
INSERT INTO public.cum_authorities VALUES ('06815.0209', 'gabrielpg', 'ROLE_MATRICULADOR');
INSERT INTO public.cum_authorities VALUES ('06815.0210', 'gabrielpg', 'ROLE_MATRICULADOR');
INSERT INTO public.cum_authorities VALUES ('06815.0211', 'gabrielpg', 'ROLE_MATRICULADOR');
INSERT INTO public.cum_authorities VALUES ('06815.0212', 'gabrielpg', 'ROLE_MATRICULADOR');
INSERT INTO public.cum_authorities VALUES ('06815.0213', 'gabrielpg', 'ROLE_MATRICULADOR');
INSERT INTO public.cum_authorities VALUES ('06815.0214', 'gabrielpg', 'ROLE_MATRICULADOR');
INSERT INTO public.cum_authorities VALUES ('06815.0215', 'gabrielpg', 'ROLE_MATRICULADOR');
INSERT INTO public.cum_authorities VALUES ('06815.0216', 'gabrielpg', 'ROLE_MATRICULADOR');


--
-- TOC entry 3844 (class 0 OID 16472)
-- Dependencies: 257
-- Data for Name: curso; Type: TABLE DATA; Schema: public; Owner: postgres
--

INSERT INTO public.curso VALUES ('2023-2024', '2023-04-01', '2023-10-02', '2023-10-03', '2023-11-01', '2024-07-01', true, '223.0.06815', false);


--
-- TOC entry 3845 (class 0 OID 16477)
-- Dependencies: 258
-- Data for Name: disciplina; Type: TABLE DATA; Schema: public; Owner: postgres
--

INSERT INTO public.disciplina VALUES ('GYM', 'Gerencia y Marketing', false);
INSERT INTO public.disciplina VALUES ('C', 'Calidad', false);
INSERT INTO public.disciplina VALUES ('IDM', 'Ingeniera de Mtodos', false);
INSERT INTO public.disciplina VALUES ('FYM', 'Fisiologa y Metabolismo', false);
INSERT INTO public.disciplina VALUES ('IA', 'Ingeniera Agrcola', false);
INSERT INTO public.disciplina VALUES ('PDP', 'Procesos de Produccin Agropecuaria', false);
INSERT INTO public.disciplina VALUES ('PID', 'Proyecto Interador de Ingenieria Industrial', false);
INSERT INTO public.disciplina VALUES ('EDL', 'Estudios de Lengua Espaola', false);
INSERT INTO public.disciplina VALUES ('PPL', 'Preparacin para la Defensa', false);
INSERT INTO public.disciplina VALUES ('PA', 'Produccin Agrcola', false);
INSERT INTO public.disciplina VALUES ('CN', 'Cuentas Nacionales', false);
INSERT INTO public.disciplina VALUES ('IAL', 'Introduccin a la Computacin', false);
INSERT INTO public.disciplina VALUES ('A', 'Auditoria', false);
INSERT INTO public.disciplina VALUES ('IYS', 'Informacin y Sociedad', false);
INSERT INTO public.disciplina VALUES ('B', 'Biologa', false);
INSERT INTO public.disciplina VALUES ('DDL', 'Direccin de la Cultura Fsica', false);
INSERT INTO public.disciplina VALUES ('CE', 'Ciencias Empresariles', false);
INSERT INTO public.disciplina VALUES ('SDI', 'Sistemas de Ingemiera Agrcola', false);
INSERT INTO public.disciplina VALUES ('IS', 'Intervencin Sociocultural', false);
INSERT INTO public.disciplina VALUES ('PDD', 'Psicologa del Desarrollo', false);
INSERT INTO public.disciplina VALUES ('EF', 'Educacin Fsica', false);
INSERT INTO public.disciplina VALUES ('G', 'Geografa', false);
INSERT INTO public.disciplina VALUES ('IE', 'Idioma Extranjero', false);
INSERT INTO public.disciplina VALUES ('F', 'Fsica', false);
INSERT INTO public.disciplina VALUES ('SYT', 'Sistemas y Tecnologas de la Informacin para el Contador', false);
INSERT INTO public.disciplina VALUES ('TE', 'Temas Especiales', false);
INSERT INTO public.disciplina VALUES ('DC', 'Derecho Civil', false);
INSERT INTO public.disciplina VALUES ('EFG', 'Educacin Fsica General', false);
INSERT INTO public.disciplina VALUES ('Q', 'Qumica', false);
INSERT INTO public.disciplina VALUES ('PL', 'Procesos Laborales', false);
INSERT INTO public.disciplina VALUES ('CB', 'Ciencias Biolgicas  ', false);
INSERT INTO public.disciplina VALUES ('RA', 'Reproduccin Animal', false);
INSERT INTO public.disciplina VALUES ('I', 'Introductorio', false);
INSERT INTO public.disciplina VALUES ('TS', 'Trabajo Social', false);
INSERT INTO public.disciplina VALUES ('D', 'Dibujo', false);
INSERT INTO public.disciplina VALUES ('M', 'Matemtica', false);
INSERT INTO public.disciplina VALUES ('SE', 'Seminarios Especiales', false);
INSERT INTO public.disciplina VALUES ('CYS', 'Comunicacin y Sociedad', false);
INSERT INTO public.disciplina VALUES ('PB', 'Procesos Bsicos', false);
INSERT INTO public.disciplina VALUES ('TYM', 'Teora y Metodologa Social', false);
INSERT INTO public.disciplina VALUES ('TDD', 'Trabajo de Diploma', false);
INSERT INTO public.disciplina VALUES ('QG', 'Qumica General', false);
INSERT INTO public.disciplina VALUES ('TYS', 'Teoras y Sistemas', false);
INSERT INTO public.disciplina VALUES ('ASD', 'Aspectos Socioculturales del Territorio', false);
INSERT INTO public.disciplina VALUES ('GVY', 'Gerencia Veterinaria y Zootcnica', false);
INSERT INTO public.disciplina VALUES ('CP', 'Ciencias Penales', false);
INSERT INTO public.disciplina VALUES ('TDP', 'Tcnica de Programacin de Computadoras', false);
INSERT INTO public.disciplina VALUES ('TEI', 'Teora e Investigacin en Comunicacin', false);
INSERT INTO public.disciplina VALUES ('EDP', 'Explotacin del Parque de la Maquinaria', false);
INSERT INTO public.disciplina VALUES ('CDS', 'Ciencias del Suelo', false);
INSERT INTO public.disciplina VALUES ('HYC', 'Historia y Cultura', false);
INSERT INTO public.disciplina VALUES ('TDL', 'Tecnologa de los Materiales', false);
INSERT INTO public.disciplina VALUES ('ML', 'Marxismo Leninismo', false);
INSERT INTO public.disciplina VALUES ('O', 'Optativa', false);
INSERT INTO public.disciplina VALUES ('LE', 'Lengua Extranjera', false);
INSERT INTO public.disciplina VALUES ('IYG', 'Ingeniera y gestin de Software', false);
INSERT INTO public.disciplina VALUES ('MG', 'Matemtica General', false);
INSERT INTO public.disciplina VALUES ('AYL', 'Arte y Literatura', false);
INSERT INTO public.disciplina VALUES ('FTY', 'Fundamentos Tericos y Prcticos del Desempeo Jurdico', false);
INSERT INTO public.disciplina VALUES ('GDP', 'Gestin de Procesos Industriales', false);
INSERT INTO public.disciplina VALUES ('NA', 'Nutricin Animal', false);
INSERT INTO public.disciplina VALUES ('P', 'Psicopedagoga', false);
INSERT INTO public.disciplina VALUES ('DI', 'Disciplina Integradora', false);
INSERT INTO public.disciplina VALUES ('BYC', 'Bibliotecologa y Ciencias de la Informacin', false);
INSERT INTO public.disciplina VALUES ('SI', 'Seguridad Informtica', false);
INSERT INTO public.disciplina VALUES ('FDL', 'Fundamentos de la Ingeniera Industrial', false);
INSERT INTO public.disciplina VALUES ('DCY', 'Derecho Civil y Familia', false);
INSERT INTO public.disciplina VALUES ('II', 'Informtica Industrial', false);
INSERT INTO public.disciplina VALUES ('MA', 'Matemtica Aplicada', false);
INSERT INTO public.disciplina VALUES ('MB', 'MorfoBiomecnica', false);
INSERT INTO public.disciplina VALUES ('H', 'Historia', false);
INSERT INTO public.disciplina VALUES ('MP', 'Medicina Preventiva', false);
INSERT INTO public.disciplina VALUES ('EYA', 'Economa y Administracin Agrcola', false);
INSERT INTO public.disciplina VALUES ('TSY', 'Teoras Sociolgicas y Polticas Sociolgicas Especiales', false);
INSERT INTO public.disciplina VALUES ('PP', 'Prctica Profesional', false);
INSERT INTO public.disciplina VALUES ('GDL', 'Gestin de las Organizaciones', false);
INSERT INTO public.disciplina VALUES ('ZG', 'Zootecnia General', false);
INSERT INTO public.disciplina VALUES ('TC', 'Tronco Comn', false);
INSERT INTO public.disciplina VALUES ('PT', 'Procesos Tecnolgicos', false);
INSERT INTO public.disciplina VALUES ('MDL', 'Metodologa de la Investigacin Social', false);
INSERT INTO public.disciplina VALUES ('CA', 'Ciencias Agropecuarias', false);
INSERT INTO public.disciplina VALUES ('CSY', 'Ciencias Sociales y Humansticas', false);
INSERT INTO public.disciplina VALUES ('TDI', 'Tecnologas de Informacin', false);
INSERT INTO public.disciplina VALUES ('SDY', 'Sistemas Digitales y Aseguramiento Bsico de Programas', false);
INSERT INTO public.disciplina VALUES ('FTD', 'Fundamentos Tericos del Estado y el Derecho', false);
INSERT INTO public.disciplina VALUES ('CI', 'Curso Introductorio', false);
INSERT INTO public.disciplina VALUES ('SDP', 'Sistema de Produccin (caa) ', false);
INSERT INTO public.disciplina VALUES ('DDA', 'Derecho de Administracin y de la Empresa', false);
INSERT INTO public.disciplina VALUES ('RF', 'Recreacin Fsica', false);
INSERT INTO public.disciplina VALUES ('DIJ', 'Disciplina Integradora:Ejercicio Jurdico Profesional', false);
INSERT INTO public.disciplina VALUES ('PC', 'Psicologa Clnica', false);
INSERT INTO public.disciplina VALUES ('PEC', 'Procesos Econmicos Contables', false);
INSERT INTO public.disciplina VALUES ('MYR', 'Mantenimiento y Reparacin', false);
INSERT INTO public.disciplina VALUES ('SYP', 'Salud y Produccin Animal', false);
INSERT INTO public.disciplina VALUES ('DT', 'Dibujo Tcnico', false);
INSERT INTO public.disciplina VALUES ('L', 'Logstica', false);
INSERT INTO public.disciplina VALUES ('TFY', 'Teora Filosfica y Sociopoltica', false);
INSERT INTO public.disciplina VALUES ('SV', 'Sanidad Vegetal', false);
INSERT INTO public.disciplina VALUES ('SP', 'Salud Pblica  Veterinaria', false);
INSERT INTO public.disciplina VALUES ('AO', 'Asignaturas Optativas', false);
INSERT INTO public.disciplina VALUES ('CFT', 'Cultura Fsica Terapetica y Profilctica', false);
INSERT INTO public.disciplina VALUES ('ODL', 'Organizacin de la Informacin', false);
INSERT INTO public.disciplina VALUES ('PCY', 'Patrimonio Cultural y Turstico', false);
INSERT INTO public.disciplina VALUES ('E', 'Electrificacin', false);
INSERT INTO public.disciplina VALUES ('TDC', 'Trabajos de Cursos', false);
INSERT INTO public.disciplina VALUES ('PYD', 'Planificacin y Desarrollo', false);
INSERT INTO public.disciplina VALUES ('PDC', 'Procesos de Capacitacin', false);
INSERT INTO public.disciplina VALUES ('LI', 'Lengua Inglesa', false);
INSERT INTO public.disciplina VALUES ('ADS', 'Administracin de Sistemas de Ingenera', false);
INSERT INTO public.disciplina VALUES ('EI', 'Economia Internacional', false);
INSERT INTO public.disciplina VALUES ('EA', 'Energa Agrcola', false);
INSERT INTO public.disciplina VALUES ('AYG', 'Administracin y Gestin de Empresas', false);
INSERT INTO public.disciplina VALUES ('IDS', 'Infraestructura de sistemas informticos', false);
INSERT INTO public.disciplina VALUES ('DP', 'Diagnstico Paraclnico', false);
INSERT INTO public.disciplina VALUES ('CO', 'Comunicacin Organizacional', false);
INSERT INTO public.disciplina VALUES ('TYA', 'Tractores y Automviles', false);
INSERT INTO public.disciplina VALUES ('EDT', 'Estudio del Trabajo', false);
INSERT INTO public.disciplina VALUES ('CDL', 'Ciencias de la Ingeniera', false);
INSERT INTO public.disciplina VALUES ('FHD', 'Fundamentos Histricos del Estado y del Derecho', false);
INSERT INTO public.disciplina VALUES ('TYPD', 'Teora y Prctica del Deporte', false);
INSERT INTO public.disciplina VALUES ('RYD', 'Riego y Drenaje', false);
INSERT INTO public.disciplina VALUES ('AOY', 'Asignaturas Optativas y Electivas', false);
INSERT INTO public.disciplina VALUES ('EP', 'Economa Poltica', false);
INSERT INTO public.disciplina VALUES ('Z', 'Zootecnia', false);
INSERT INTO public.disciplina VALUES ('MAA', 'Matemtica Aplicada a la Toma de Decisiones', false);
INSERT INTO public.disciplina VALUES ('PPD', 'Problemas Prcticos de Ingeniera Industrial', false);
INSERT INTO public.disciplina VALUES ('MDS', 'Manejo de suelo y agua', false);
INSERT INTO public.disciplina VALUES ('GE', 'Gestin Ecxonmica', false);
INSERT INTO public.disciplina VALUES ('PTA', 'Procesos Tecnolgicos Agropecuarios', false);
INSERT INTO public.disciplina VALUES ('HDC', 'Historia de Cuba', false);
INSERT INTO public.disciplina VALUES ('FG', 'Fitotecnia General', false);
INSERT INTO public.disciplina VALUES ('trfgertrr', 'Procesos de Informacin', false);
INSERT INTO public.disciplina VALUES ('123er54', 'Fsica General', false);
INSERT INTO public.disciplina VALUES ('15', 'Derecho de la Empresa', false);
INSERT INTO public.disciplina VALUES ('ingfact56', 'Ingeniera del Factor Humano', false);
INSERT INTO public.disciplina VALUES ('pedg380', 'Pedagoga y Didctica de la Educacin Superior', false);
INSERT INTO public.disciplina VALUES ('GDO', 'Gestin de Organizaciones', false);
INSERT INTO public.disciplina VALUES ('7859', 'Historia y Pensamiento Cultural', false);
INSERT INTO public.disciplina VALUES ('0589', 'Promocin Sociocultural', false);
INSERT INTO public.disciplina VALUES ('0165', 'Curriculo Propio', false);
INSERT INTO public.disciplina VALUES ('06914', 'Cultura Cubana', false);
INSERT INTO public.disciplina VALUES ('02341', 'Investigacin Sociocultural', false);
INSERT INTO public.disciplina VALUES ('20156', 'Psicologia', false);
INSERT INTO public.disciplina VALUES ('5620', 'Fundamentos de Periodismo', false);
INSERT INTO public.disciplina VALUES ('9531', 'Esttica', false);
INSERT INTO public.disciplina VALUES ('885958', 'Metodologa e la Investigacin Sociolgica', false);
INSERT INTO public.disciplina VALUES ('8965', 'Aspectos Metodolgicos Instrumentales', false);
INSERT INTO public.disciplina VALUES ('8956', 'Psicologa Social', false);
INSERT INTO public.disciplina VALUES ('56942', 'Psicologa de la Salud', false);
INSERT INTO public.disciplina VALUES ('3265', 'Psicologa Organizacional I', false);
INSERT INTO public.disciplina VALUES ('9653', 'Psicologa Laboral y de las Organizaciones', false);
INSERT INTO public.disciplina VALUES ('965', 'Psicologa Educativa', false);
INSERT INTO public.disciplina VALUES ('1027', 'Mrxismo - Leninnismo e Ideario Martiano', false);
INSERT INTO public.disciplina VALUES ('1031', 'Servicios Tcnicos Agropecuarios', false);
INSERT INTO public.disciplina VALUES ('1033', 'Didctica de las Especialidades de la ETP', false);
INSERT INTO public.disciplina VALUES ('1034', 'Ciencias Biolgicas', false);
INSERT INTO public.disciplina VALUES ('9998', 'Reflexin y debate', false);
INSERT INTO public.disciplina VALUES ('1039', 'Currculo Propio', false);
INSERT INTO public.disciplina VALUES ('52365', 'Metodologa de la Investigacin Sociolgica', false);
INSERT INTO public.disciplina VALUES ('25656', 'Teoras Sociolgicas y Polticas Sociales Especiales', false);
INSERT INTO public.disciplina VALUES ('3356', 'CULMINACIN DE ESTUDIO', false);
INSERT INTO public.disciplina VALUES ('1041', 'Formacin Pedaggica General', false);
INSERT INTO public.disciplina VALUES ('6235', 'Psicologa General', false);
INSERT INTO public.disciplina VALUES ('1', 'MARXISMO - LENINISMO', false);
INSERT INTO public.disciplina VALUES ('3', 'PRCTICA DE LA LENGUA INGLESA', false);
INSERT INTO public.disciplina VALUES ('5', 'INFORMTICA EDUCATIVA', false);
INSERT INTO public.disciplina VALUES ('32', 'EDUCACIN ARTSTICA', false);
INSERT INTO public.disciplina VALUES ('67', 'ESTUDIOS LINGSTICOS', false);
INSERT INTO public.disciplina VALUES ('87', 'ESTUDIOS LITERARIOS', false);
INSERT INTO public.disciplina VALUES ('80', 'ANATOMA Y FISIOLOGA HUMANAS', false);
INSERT INTO public.disciplina VALUES ('86', 'LOGOPEDIA', false);
INSERT INTO public.disciplina VALUES ('54', 'DIDCTICAS PARTICULARES', false);
INSERT INTO public.disciplina VALUES ('65', 'FORMACIN LABORAL - INVESTIGATIVA', false);
INSERT INTO public.disciplina VALUES ('458', 'FUNDAMENTOS FILOSFICOS Y SOCIOLGICOS DE LA EDUCACIN', false);
INSERT INTO public.disciplina VALUES ('333', 'FUNDAMENTOS FISIOLGICOS Y PSICOLGICOS DE LA EDUCACIN', false);
INSERT INTO public.disciplina VALUES ('331', 'FUNDAMENTOS PEDAGGICOS DE LA EDUCACIN', false);
INSERT INTO public.disciplina VALUES ('332', 'ORIENTACIN EN EL CONTEXTO EDUCATIVO', false);
INSERT INTO public.disciplina VALUES ('334', 'DIDCTICA Y CURRCULO', false);
INSERT INTO public.disciplina VALUES ('335', 'METODOLOGA DE LA INVESTIGACIN', false);
INSERT INTO public.disciplina VALUES ('337', 'FORMACIN  LABORAL INVESTIGATIVA', false);
INSERT INTO public.disciplina VALUES ('354', 'MARXISMO - LENINISMO E IDEARIO MARTIANO', false);
INSERT INTO public.disciplina VALUES ('258', 'HISTORIA DE CUBA', false);
INSERT INTO public.disciplina VALUES ('147', 'PRCTICA INTEGRAL DE LA LENGUA ESPAOLA', false);
INSERT INTO public.disciplina VALUES ('3836', 'Sociologa', false);
INSERT INTO public.disciplina VALUES ('9895', 'Psicologa', false);
INSERT INTO public.disciplina VALUES ('9887', 'Propiedad intelectual', false);
INSERT INTO public.disciplina VALUES ('9668', 'Propiedad Intelectual', false);
INSERT INTO public.disciplina VALUES ('9878', 'pedagoga', false);
INSERT INTO public.disciplina VALUES ('1452', 'Prctica Integral de la Lengua Inglesa ', false);
INSERT INTO public.disciplina VALUES ('365', 'ESTUDIOS LINGUISTICOS DEL ESPAOL ', false);
INSERT INTO public.disciplina VALUES ('1235', 'ESTUDIOS LINGUISTICOS DEL INGLS', false);
INSERT INTO public.disciplina VALUES ('7893', 'DIDACTICA DE LAS LENGUAS EXTRANJERAS ', false);
INSERT INTO public.disciplina VALUES ('3641', 'HISTORIA DE LA CULTURA DE LOS PUEBLOS DE HABLA INGLESA', false);
INSERT INTO public.disciplina VALUES ('2541', 'FORMACIN LABORAL INVESTIGATIVA', false);
INSERT INTO public.disciplina VALUES ('362', 'ESTUDIOS DE LA NATURALEZA', false);
INSERT INTO public.disciplina VALUES ('030', 'Asignatura propia', false);
INSERT INTO public.disciplina VALUES ('201030', 'Espaol y Literatura', false);
INSERT INTO public.disciplina VALUES ('2001', 'Introduccin a la Metodologa de la investigacin educativa', false);
INSERT INTO public.disciplina VALUES ('25413', 'DIDCTICA DE LA LENGUA ESPAOLA Y LA LITERATURA', false);
INSERT INTO public.disciplina VALUES ('3602', 'LENGUAJE Y COMUNICACIN', false);
INSERT INTO public.disciplina VALUES ('6565', 'Promocin Cultural', false);
INSERT INTO public.disciplina VALUES ('65487', 'Historia y Apreciacin de las Artes', false);
INSERT INTO public.disciplina VALUES ('65875', 'Teora y Metodologa de la Educacin Artstica', false);
INSERT INTO public.disciplina VALUES ('89547', 'Talleres de Perfeccionamiento Artstico', false);
INSERT INTO public.disciplina VALUES ('65689', 'Lengua y Literatura', false);
INSERT INTO public.disciplina VALUES ('87549', 'Requerimientos Metodolgicos', false);
INSERT INTO public.disciplina VALUES ('65989', 'Talleres para la culminacin de estudios', false);
INSERT INTO public.disciplina VALUES ('123456', 'Investigacin y Mtodos de Anlisis en la Cultura Fsica', false);
INSERT INTO public.disciplina VALUES ('DESC', 'Desconocida', false);
INSERT INTO public.disciplina VALUES ('saddsa', 'tica e Ideario martiano', false);
INSERT INTO public.disciplina VALUES ('ss55', 'Reflexin y Debate', false);
INSERT INTO public.disciplina VALUES ('asdww', 'Comunicacin Educativa', false);
INSERT INTO public.disciplina VALUES ('asdasd', 'PANORAMA DEL ARTE Y LA LITERATURA', false);
INSERT INTO public.disciplina VALUES ('xzcva', 'HISTORIA DE LA FILOSOFA', false);
INSERT INTO public.disciplina VALUES ('xccx', 'DIDCTICA DE LAS CIENCIAS SOCIALES', false);
INSERT INTO public.disciplina VALUES ('14s4s4s', 'HISTORIA UNIVERSAL', false);
INSERT INTO public.disciplina VALUES ('sadsaxx', 'HISTORIA DE AMRICA', false);
INSERT INTO public.disciplina VALUES ('asdcxz', 'TICA E IDEARIO MARTIANOS', false);
INSERT INTO public.disciplina VALUES ('4567342', 'Procesos Tecnolgicos Industriales', false);
INSERT INTO public.disciplina VALUES ('56', 'FUNDAMENTOS DE LA MATEMTICA ESCOLAR', false);
INSERT INTO public.disciplina VALUES ('45', 'FUNDAMENTOS DE LA FSICA ESCOLAR', false);
INSERT INTO public.disciplina VALUES ('58', 'DIDCTICA DE LA FSICA', false);
INSERT INTO public.disciplina VALUES ('546', 'ANLISIS MATEMTICO', false);
INSERT INTO public.disciplina VALUES ('587', 'LGEBRA', false);
INSERT INTO public.disciplina VALUES ('412', 'FSICA GENERAL', false);
INSERT INTO public.disciplina VALUES ('231432', 'Culminacin de Estudios', false);
INSERT INTO public.disciplina VALUES ('231433', 'Culminacin de Estudio', false);
INSERT INTO public.disciplina VALUES ('500', 'Gerencia de Informacin', false);
INSERT INTO public.disciplina VALUES ('InfEd', 'Informtica Educativa', false);
INSERT INTO public.disciplina VALUES ('PILI', 'Prctica Integral de la Lengua Inglesa', false);
INSERT INTO public.disciplina VALUES ('San Ag', 'Sanidad Agropecuaria', false);
INSERT INTO public.disciplina VALUES ('Prod An', 'Produccin Animal', false);
INSERT INTO public.disciplina VALUES ('05961', 'Formacin Pedaggica', false);
INSERT INTO public.disciplina VALUES ('112266448', 'EJERCICIO DE CULMINACIN DE ESTUDIO', false);
INSERT INTO public.disciplina VALUES ('1144557', 'Fundamentos biolgicos del ejercicio fsico', false);
INSERT INTO public.disciplina VALUES ('123412', 'Mtodos de anlisis e investigacin de la Cultura Fsica', false);
INSERT INTO public.disciplina VALUES ('110036', 'Recreacin', false);
INSERT INTO public.disciplina VALUES ('10324', 'Fundamentos Biolgicos de la Actividad Fsica', false);
INSERT INTO public.disciplina VALUES ('222aa', 'FUNDAMENTOS METODOLGICOS PARA LA ENSEANZA ', false);
INSERT INTO public.disciplina VALUES ('asd12', 'FUNDAMENTOS SIENTFICOS DE LAS DISCIPLINAS DEL AREA ', false);
INSERT INTO public.disciplina VALUES ('dsadasdas', 'FUNDAMENTOS CIENTFICOS DE LAS DISCIPLINAS DEL AREA ', false);
INSERT INTO public.disciplina VALUES ('kjcnbjhvduqjdm', 'Elementos de Informtica', false);
INSERT INTO public.disciplina VALUES ('hcbhafdd6534hji', 'Lenguaje y Tcnica de Programacin', false);
INSERT INTO public.disciplina VALUES ('jnstfwe53oaqks0', 'Prctica Integral de la Lengua Espaola', false);
INSERT INTO public.disciplina VALUES ('jsnuyfgiwju', 'Formacin Laboral Investigativa', false);
INSERT INTO public.disciplina VALUES ('jbdncuyugtsd4321guywg', 'Sistemas de Aplicaciones', false);
INSERT INTO public.disciplina VALUES ('2028', 'Procesos Agroindustriales', false);
INSERT INTO public.disciplina VALUES ('3021', 'Procesos Tecnolgicos Agroindustriales', false);
INSERT INTO public.disciplina VALUES ('Ingreso', 'Requirimientos de Ingreso', false);
INSERT INTO public.disciplina VALUES ('sad211234', 'ESPAOL BSICO', false);
INSERT INTO public.disciplina VALUES ('213sda', 'PREPARACIN PARA LA DEFENSA', false);
INSERT INTO public.disciplina VALUES ('sad21ss', 'MATEMTICA BSICA', false);
INSERT INTO public.disciplina VALUES ('SD2D2', 'Introduccin al estudio de la Biologa', false);
INSERT INTO public.disciplina VALUES ('22231', 'Historia Bsica', false);
INSERT INTO public.disciplina VALUES ('ljsadlkh', 'Estudios  lingusticos y  literarios', false);
INSERT INTO public.disciplina VALUES ('sadn2lnl2', 'Formacin Investigativa Laboral', false);
INSERT INTO public.disciplina VALUES ('sdd222', 'ESTUDIOS LINGUISTICOS Y LITERARIOS', false);
INSERT INTO public.disciplina VALUES ('68477', 'Principal Integradora', false);
INSERT INTO public.disciplina VALUES ('95656', 'Metodologa Social', false);
INSERT INTO public.disciplina VALUES ('32155', 'Requisitos de Ingreso', false);
INSERT INTO public.disciplina VALUES ('sackj', 'Mecnica', false);
INSERT INTO public.disciplina VALUES ('asdlkjh', 'Metodologa de la Investigacin Educativa', false);
INSERT INTO public.disciplina VALUES ('jasdklasd', 'Salud y Sexualidad ', false);
INSERT INTO public.disciplina VALUES ('cvzx31', 'Asignatura Requisito', false);
INSERT INTO public.disciplina VALUES ('222222', 'DIRECCIN DEL PROCESO DE ENSEANZA-APRENDIZAJE DE LA BIOLOGA', false);
INSERT INTO public.disciplina VALUES ('2201200', 'BIOLOGA MOLECULAR Y CELULAR ', false);
INSERT INTO public.disciplina VALUES ('88888', 'EDUCACIN', false);
INSERT INTO public.disciplina VALUES ('22222', 'ORIENTACIN EDUCATIVA', false);
INSERT INTO public.disciplina VALUES ('22', 'DIDCTICA DE LA QUMICA', false);
INSERT INTO public.disciplina VALUES ('3333', 'Qumica Orgnica', false);
INSERT INTO public.disciplina VALUES ('555555', 'DPI FLI para la Enseanza de la Geografa', false);
INSERT INTO public.disciplina VALUES ('0140', 'Cartografa y Sistema de Informacin Geogrfica', false);
INSERT INTO public.disciplina VALUES ('123', 'Geografa Fsica', false);
INSERT INTO public.disciplina VALUES ('234', 'Geografa Econmica y Social', false);
INSERT INTO public.disciplina VALUES ('12567', 'Prctica de Campo', false);
INSERT INTO public.disciplina VALUES ('xzcxz', 'ALGEBRA', false);
INSERT INTO public.disciplina VALUES ('xzcqew', 'FUNDAMENTOS BSICOS DE LA MATEMTICA ', false);
INSERT INTO public.disciplina VALUES ('xzcasd', 'Optativa I: La Educacin Integral para la sexualidad', false);
INSERT INTO public.disciplina VALUES ('02802-1', 'Auditora', false);
INSERT INTO public.disciplina VALUES ('04802-2', 'Costos', false);
INSERT INTO public.disciplina VALUES ('7488', 'ANLISIS Y CRTICA LITERARIA', false);
INSERT INTO public.disciplina VALUES ('547', 'EXPRESIONES ARTSTICAS', false);
INSERT INTO public.disciplina VALUES ('asdsa', 'EDUCACUN FSICA', false);
INSERT INTO public.disciplina VALUES ('321', 'Fundamentos tericos y didcticos de Nociones Elementales de la Matemtica', false);
INSERT INTO public.disciplina VALUES ('23', 'MICROBIOLOGA', false);
INSERT INTO public.disciplina VALUES ('sc sa', 'Botnica', false);
INSERT INTO public.disciplina VALUES ('322332', 'Gentica Ecolgica', false);
INSERT INTO public.disciplina VALUES ('7890', 'Disciplina Principal Integradora', false);
INSERT INTO public.disciplina VALUES ('ccc', 'Qumica Fsica', false);
INSERT INTO public.disciplina VALUES ('2223', 'ZOOLOGA GENERAL', false);
INSERT INTO public.disciplina VALUES ('vv', 'ASIGNATURAS BSICAS', false);
INSERT INTO public.disciplina VALUES ('55555', 'Formacin laboral Investigativa en la Cultura Fsica', false);
INSERT INTO public.disciplina VALUES ('02267', 'Prctica laboral Investigativa en la Cultura Fsica', false);
INSERT INTO public.disciplina VALUES ('5847', 'FORMACIN CIUDADANA', false);
INSERT INTO public.disciplina VALUES ('kikiki', 'ASIGNATURAS DE REQUISITO', false);
INSERT INTO public.disciplina VALUES ('5678', 'Formacin Laboral Investigativa en la enseanza de la Fsica', false);
INSERT INTO public.disciplina VALUES ('30980938104', 'Gestin Sociocultural', false);
INSERT INTO public.disciplina VALUES ('Des1', 'DESARROLLO Y POLTICAS SOCIALES', false);
INSERT INTO public.disciplina VALUES ('met1', 'METODOLOGIA SOCIAL', false);
INSERT INTO public.disciplina VALUES ('hist1', 'HISTORIA CULTURAL Y PENSAMIENTO SOCIAL ', false);
INSERT INTO public.disciplina VALUES ('ECO', 'Economa Empresarial', false);
INSERT INTO public.disciplina VALUES ('INFR', 'Infraestructuras de Sistemas Informticos', false);
INSERT INTO public.disciplina VALUES ('INTC', 'Inteligencia Computacional', false);
INSERT INTO public.disciplina VALUES ('ECE', 'Economa Empresarial ', false);
INSERT INTO public.disciplina VALUES ('INTC2', 'Inteligencia Computacional ', false);
INSERT INTO public.disciplina VALUES ('ASB', 'Asignaturas Bsicas', false);
INSERT INTO public.disciplina VALUES ('MFGA', 'Morfologa', false);
INSERT INTO public.disciplina VALUES ('SMA', 'SMA', false);
INSERT INTO public.disciplina VALUES ('oooo', 'Historia de Cuba Bsica', false);
INSERT INTO public.disciplina VALUES ('223a', 'Didctica de la Educacin Superior', false);
INSERT INTO public.disciplina VALUES ('IG', 'Ingls', false);
INSERT INTO public.disciplina VALUES ('DESARROLLO Y POLTICAS SOCIALES', 'Desarrollo y Polticas Sociales', false);
INSERT INTO public.disciplina VALUES ('PRO.Agro', 'PRODUCCIN AGROPECUARIA', false);
INSERT INTO public.disciplina VALUES ('ZOO', 'ZOOTECNIA', false);
INSERT INTO public.disciplina VALUES ('2019-1', 'Teora Filosfica y Sociopoltica Marxista Leninista', false);
INSERT INTO public.disciplina VALUES ('2019-2', 'Teora Econmica Marxista Leninista', false);
INSERT INTO public.disciplina VALUES ('2019-3', 'Mtodos Econmico - Matemticos', false);
INSERT INTO public.disciplina VALUES ('PLCF', 'Prctica Laboral Contable y Financiera', false);
INSERT INTO public.disciplina VALUES ('2019-4', 'Contabilidad', false);
INSERT INTO public.disciplina VALUES ('2019-5', 'Administracin', false);
INSERT INTO public.disciplina VALUES ('2019-8', 'Sistemas', false);
INSERT INTO public.disciplina VALUES ('2019-9', 'Finanzas', false);
INSERT INTO public.disciplina VALUES ('2019-10', 'Economa Internacional', false);
INSERT INTO public.disciplina VALUES (',mcpo9', 'Administracin de Sistemas de Ingeniera', false);
INSERT INTO public.disciplina VALUES ('jhvx453fc', 'Explotacin de la Maquinaria Agrcola', false);
INSERT INTO public.disciplina VALUES ('bxndjeur', 'Sistemas de Ingeniera Agrcola', false);
INSERT INTO public.disciplina VALUES ('GSPD-ML', 'Marxismo-Leninismo', false);
INSERT INTO public.disciplina VALUES ('GSPD-EL', 'Estudios de la lengua espaola', false);
INSERT INTO public.disciplina VALUES ('GSPD-C', 'Computacin', false);
INSERT INTO public.disciplina VALUES ('GSPD-DPS', 'Desarrollo y polticas sociales', false);
INSERT INTO public.disciplina VALUES ('GSPD-HCPS', 'Historia Cultural y Pensamiento Social', false);
INSERT INTO public.disciplina VALUES ('GSPD-PD', 'Preparacin para la defensa', false);
INSERT INTO public.disciplina VALUES ('GSD-CEI', 'Cumplimiento Exigencias de Ingreso ', false);
INSERT INTO public.disciplina VALUES ('RPMA', 'Reproduccin y mejora animal', false);
INSERT INTO public.disciplina VALUES ('Derecho(E)LE', 'Idioma Ingls', false);
INSERT INTO public.disciplina VALUES ('345', 'Fundamentos Histricos del Estado y el Derecho', false);
INSERT INTO public.disciplina VALUES ('Derecho E FGED', 'Fundamentos Generales del Estado y el Derecho', false);
INSERT INTO public.disciplina VALUES ('1314-1', 'Teora Filosfica y Sociopoltica Marxista - Leninista', false);
INSERT INTO public.disciplina VALUES ('970', 'Derecho Civil y de Familia', false);
INSERT INTO public.disciplina VALUES ('GSPD HCPS', 'HIstoria Cultural y Pensamiento Social', false);
INSERT INTO public.disciplina VALUES ('DPS GSPD', 'Desarollo y Polticas Sociales', false);
INSERT INTO public.disciplina VALUES ('10601-2', 'Matemtica Superior', false);
INSERT INTO public.disciplina VALUES ('098021', 'Informtica Empresarial', false);
INSERT INTO public.disciplina VALUES ('PII', 'Proyecto de Ingeniera Industrial', false);
INSERT INTO public.disciplina VALUES ('10601', 'Estadstica e Investigacin de Operaciones', false);
INSERT INTO public.disciplina VALUES ('10602', 'Economa y Direccin de Procesos', false);
INSERT INTO public.disciplina VALUES ('32155-1', 'Requisitos de Ingreso y Permanencia', false);
INSERT INTO public.disciplina VALUES ('23123', 'Diagnstico Patolgico', false);
INSERT INTO public.disciplina VALUES ('Gestion socioec y administ', 'GESTIN SOCIOECONMICA Y ADMINISTRATIVA', false);
INSERT INTO public.disciplina VALUES ('Der', 'Derecho', false);
INSERT INTO public.disciplina VALUES ('10601-3', 'MATEMTICA', false);
INSERT INTO public.disciplina VALUES ('26802-4', 'Sistemas y Tecnologa de la Informacin para el Contador', false);
INSERT INTO public.disciplina VALUES ('090909', 'Agua y Saneamiento', false);
INSERT INTO public.disciplina VALUES ('98745', 'Disciplina Derecho Penal y Criminologa', false);
INSERT INTO public.disciplina VALUES ('3456', 'Teora Marxista Leninista', false);


--
-- TOC entry 3846 (class 0 OID 16482)
-- Dependencies: 259
-- Data for Name: disciplina_planestudio; Type: TABLE DATA; Schema: public; Owner: postgres
--

INSERT INTO public.disciplina_planestudio VALUES ('IDS', 1, 'Objetivo 1', 'Programa 1', false);
INSERT INTO public.disciplina_planestudio VALUES (',mcpo9', 2, 'asd', 'asd', false);


--
-- TOC entry 3847 (class 0 OID 16487)
-- Dependencies: 260
-- Data for Name: especialidad; Type: TABLE DATA; Schema: public; Owner: postgres
--

INSERT INTO public.especialidad VALUES (1, 'Ciencias Tcnicas', false);
INSERT INTO public.especialidad VALUES (2, 'Ciencias Naturales y Matemticas', false);
INSERT INTO public.especialidad VALUES (3, 'Ciencias Mdicas', false);
INSERT INTO public.especialidad VALUES (4, 'Ciencias Agropecuarias', false);
INSERT INTO public.especialidad VALUES (5, 'Ciencias Econmicas', false);
INSERT INTO public.especialidad VALUES (6, 'Ciencias Sociales y Humansticas', false);
INSERT INTO public.especialidad VALUES (7, 'Ciencias Pedaggicas', false);
INSERT INTO public.especialidad VALUES (8, 'Cultura Fsica y Deportes', false);
INSERT INTO public.especialidad VALUES (9, 'Arte', false);
INSERT INTO public.especialidad VALUES (10, 'Estudios en el extranjero', false);
INSERT INTO public.especialidad VALUES (11, 'Facultad Preparatoria', false);
INSERT INTO public.especialidad VALUES (12, 'Ciencias Militares', false);


--
-- TOC entry 3848 (class 0 OID 16491)
-- Dependencies: 261
-- Data for Name: especialidad_militar; Type: TABLE DATA; Schema: public; Owner: postgres
--

INSERT INTO public.especialidad_militar VALUES (1, 'Artillera', false);
INSERT INTO public.especialidad_militar VALUES (2, 'Inteligencia', false);
INSERT INTO public.especialidad_militar VALUES (3, 'Ninguna', false);
INSERT INTO public.especialidad_militar VALUES (4, 'Otra', false);
INSERT INTO public.especialidad_militar VALUES (5, 'Zapadores', false);


--
-- TOC entry 3849 (class 0 OID 16495)
-- Dependencies: 262
-- Data for Name: estado_civil; Type: TABLE DATA; Schema: public; Owner: postgres
--

INSERT INTO public.estado_civil VALUES (1, 'Casado (a)', false);
INSERT INTO public.estado_civil VALUES (2, 'Soltero (a)', false);
INSERT INTO public.estado_civil VALUES (3, 'Viudo (a)', false);
INSERT INTO public.estado_civil VALUES (4, 'Divorciado (a)', false);
INSERT INTO public.estado_civil VALUES (5, 'Separado (a)', false);
INSERT INTO public.estado_civil VALUES (6, 'Unido (a)', false);


--
-- TOC entry 3850 (class 0 OID 16499)
-- Dependencies: 263
-- Data for Name: estado_estudiante; Type: TABLE DATA; Schema: public; Owner: postgres
--

INSERT INTO public.estado_estudiante VALUES (1, 'Activo', false);
INSERT INTO public.estado_estudiante VALUES (2, 'Nueva Matrcula', false);
INSERT INTO public.estado_estudiante VALUES (3, 'Baja', false);
INSERT INTO public.estado_estudiante VALUES (4, 'Egresado', false);
INSERT INTO public.estado_estudiante VALUES (5, 'Prrroga de Tesis', false);
INSERT INTO public.estado_estudiante VALUES (6, 'Matricula Pasiva', false);


--
-- TOC entry 3851 (class 0 OID 16503)
-- Dependencies: 264
-- Data for Name: estudiante; Type: TABLE DATA; Schema: public; Owner: postgres
--

INSERT INTO public.estudiante VALUES ('98061804576', '1998-06-18', 0, 'Ivett', 'Sosa', 'Franco', '47-84-32-12', 'Nueva Paz', 'gabrielpga20@gmail.com', false, NULL, NULL, NULL, NULL, NULL, NULL, NULL, NULL, NULL, false, NULL, NULL, NULL, NULL, 'Nueva Paz', 1, 1, 4, 4, 2, 1, 3, '2023-04-18', '2023-04-18', 92, 2, 1);
INSERT INTO public.estudiante VALUES ('94091027302', '1994-09-10', 0, 'Gabriel Alberto', 'Prez', 'Guerra', '47-84-32-12', 'Edificio 43', 'gabrielpga20@gmail.com', true, 18000, 'Carmen Grin Ramos', 'EPEP Occidente', 'Via blanca', '77-96-25-01', 90, 15, 20, 2, true, '2014-04-20', 4, 2, 1, 'Santa Cruz del Norte', 2, 1, 4, 4, 2, 2, 3, '2023-04-18', '2023-04-18', 88, 2, 1);
INSERT INTO public.estudiante VALUES ('95052501457', '1995-05-25', 0, 'Hctor', 'Gutirrez', 'Fernndez', '54-54-54-54', 'Campo Florido 1', 'hector9505@gmail.com', false, NULL, NULL, NULL, NULL, NULL, NULL, NULL, NULL, NULL, false, NULL, NULL, NULL, NULL, 'Campo Florido', 2, 1, 4, 4, 1, 2, 2, '2023-04-23', '2023-04-23', 77, 4, 1);
INSERT INTO public.estudiante VALUES ('91141525454', '1992-02-15', 0, 'Luis', 'Vuitn', 'Benitez', '23-42-34-23', 'asd', 'asd@asd.asd', false, NULL, NULL, NULL, NULL, NULL, NULL, NULL, NULL, NULL, false, NULL, NULL, NULL, NULL, 'asd', 2, 1, 1, 4, 5, 7, 2, '2023-04-24', '2023-04-24', NULL, NULL, 22);


--
-- TOC entry 3852 (class 0 OID 16509)
-- Dependencies: 265
-- Data for Name: examen; Type: TABLE DATA; Schema: public; Owner: postgres
--

INSERT INTO public.examen VALUES (1, 'Convocatoria 1', false);
INSERT INTO public.examen VALUES (2, 'Convocatoria 2', false);
INSERT INTO public.examen VALUES (3, 'Convocatoria 3', false);


--
-- TOC entry 3853 (class 0 OID 16513)
-- Dependencies: 266
-- Data for Name: examen_matricula_facultad_cum_carrera_estudiante_asignatura; Type: TABLE DATA; Schema: public; Owner: postgres
--

INSERT INTO public.examen_matricula_facultad_cum_carrera_estudiante_asignatura VALUES (1, 1, '', '120', 1, '94091027302', '2023-04-18', 1, false, 0);
INSERT INTO public.examen_matricula_facultad_cum_carrera_estudiante_asignatura VALUES (2, 1, '', '120', 1, '94091027302', '2023-04-18', 1, true, 0);
INSERT INTO public.examen_matricula_facultad_cum_carrera_estudiante_asignatura VALUES (3, 1, '', '120', 1, '94091027302', '2023-04-18', 1, true, 0);


--
-- TOC entry 3854 (class 0 OID 16518)
-- Dependencies: 267
-- Data for Name: facultad; Type: TABLE DATA; Schema: public; Owner: postgres
--

INSERT INTO public.facultad VALUES ('111', 'Ciencias Pedaggicas', '', 'DrC. Orlianis Farradas Lpez', '', 'Carretera Tapaste y Autopista Nacional km 23 1/2', false, 88, '223.0.06815');
INSERT INTO public.facultad VALUES ('802', 'Ciencias Econmicas', 'Gabriela Ramos Reyes', '', '', 'Carretera Tapaste y Autopista Nacional km 23 1/2', false, 88, '223.0.06815');
INSERT INTO public.facultad VALUES ('7118e3c1:11d012c1880:-7214', 'Preparatoria', 'Lic. Yamaily Cepero Atencio', '', '', 'Carretera Tapaste y Autopista Nacional km 23 1/2', false, 88, '223.0.06815');
INSERT INTO public.facultad VALUES ('602', 'Agronoma', 'Miriam Gladys Ofarrill Ferrer', '', '', 'Carretera Tapaste y Autopista Nacional km 23 1/2', false, 88, '223.0.06815');
INSERT INTO public.facultad VALUES ('120', 'Ciencias Tcnicas', '', '', '', 'Carretera Tapaste y Autopista Nacional km 23 1/2', false, 88, '223.0.06815');
INSERT INTO public.facultad VALUES ('603', 'Medicina Veterinaria y Zootecnia', 'Andrea Susana Laguardia Garca', 'DrC.  Walberto Lriga Pea', '', 'Carretera Tapaste y Autopista Nacional km 23 1/2', false, 88, '223.0.06815');
INSERT INTO public.facultad VALUES ('-3eb40587:11d6e697e6e:-566d', 'Cultura Fsica', '', '', '', 'Carretera Tapaste y Autopista Nacional km 23 1/2', false, 88, '223.0.06815');
INSERT INTO public.facultad VALUES ('314', 'Ciencias Sociales y Humansticas', 'Mnica Alvarez Gonzlez', '', '', 'Carretera Tapaste y Autopista Nacional km 23 1/2', false, 88, '223.0.06815');


--
-- TOC entry 3855 (class 0 OID 16523)
-- Dependencies: 268
-- Data for Name: facultad_authorities; Type: TABLE DATA; Schema: public; Owner: postgres
--

INSERT INTO public.facultad_authorities VALUES ('-3eb40587:11d6e697e6e:-566d', 'gabrielpg', 'ROLE_ADMIN');
INSERT INTO public.facultad_authorities VALUES ('111', 'gabrielpg', 'ROLE_ADMIN');
INSERT INTO public.facultad_authorities VALUES ('120', 'gabrielpg', 'ROLE_ADMIN');
INSERT INTO public.facultad_authorities VALUES ('314', 'gabrielpg', 'ROLE_ADMIN');
INSERT INTO public.facultad_authorities VALUES ('602', 'gabrielpg', 'ROLE_ADMIN');
INSERT INTO public.facultad_authorities VALUES ('603', 'gabrielpg', 'ROLE_ADMIN');
INSERT INTO public.facultad_authorities VALUES ('7118e3c1:11d012c1880:-7214', 'gabrielpg', 'ROLE_ADMIN');
INSERT INTO public.facultad_authorities VALUES ('802', 'gabrielpg', 'ROLE_ADMIN');
INSERT INTO public.facultad_authorities VALUES ('-3eb40587:11d6e697e6e:-566d', 'gabrielpg', 'ROLE_SECRETARIA');
INSERT INTO public.facultad_authorities VALUES ('111', 'gabrielpg', 'ROLE_SECRETARIA');
INSERT INTO public.facultad_authorities VALUES ('120', 'gabrielpg', 'ROLE_SECRETARIA');
INSERT INTO public.facultad_authorities VALUES ('314', 'gabrielpg', 'ROLE_SECRETARIA');
INSERT INTO public.facultad_authorities VALUES ('602', 'gabrielpg', 'ROLE_SECRETARIA');
INSERT INTO public.facultad_authorities VALUES ('603', 'gabrielpg', 'ROLE_SECRETARIA');
INSERT INTO public.facultad_authorities VALUES ('7118e3c1:11d012c1880:-7214', 'gabrielpg', 'ROLE_SECRETARIA');
INSERT INTO public.facultad_authorities VALUES ('802', 'gabrielpg', 'ROLE_SECRETARIA');
INSERT INTO public.facultad_authorities VALUES ('-3eb40587:11d6e697e6e:-566d', 'gabrielpg', 'ROLE_SECRETARIO_GENERAL');
INSERT INTO public.facultad_authorities VALUES ('111', 'gabrielpg', 'ROLE_SECRETARIO_GENERAL');
INSERT INTO public.facultad_authorities VALUES ('120', 'gabrielpg', 'ROLE_SECRETARIO_GENERAL');
INSERT INTO public.facultad_authorities VALUES ('314', 'gabrielpg', 'ROLE_SECRETARIO_GENERAL');
INSERT INTO public.facultad_authorities VALUES ('602', 'gabrielpg', 'ROLE_SECRETARIO_GENERAL');
INSERT INTO public.facultad_authorities VALUES ('603', 'gabrielpg', 'ROLE_SECRETARIO_GENERAL');
INSERT INTO public.facultad_authorities VALUES ('7118e3c1:11d012c1880:-7214', 'gabrielpg', 'ROLE_SECRETARIO_GENERAL');
INSERT INTO public.facultad_authorities VALUES ('802', 'gabrielpg', 'ROLE_SECRETARIO_GENERAL');
INSERT INTO public.facultad_authorities VALUES ('-3eb40587:11d6e697e6e:-566d', 'gabrielpg', 'ROLE_CONTROLADOR');
INSERT INTO public.facultad_authorities VALUES ('111', 'gabrielpg', 'ROLE_CONTROLADOR');
INSERT INTO public.facultad_authorities VALUES ('120', 'gabrielpg', 'ROLE_CONTROLADOR');
INSERT INTO public.facultad_authorities VALUES ('314', 'gabrielpg', 'ROLE_CONTROLADOR');
INSERT INTO public.facultad_authorities VALUES ('602', 'gabrielpg', 'ROLE_CONTROLADOR');
INSERT INTO public.facultad_authorities VALUES ('603', 'gabrielpg', 'ROLE_CONTROLADOR');
INSERT INTO public.facultad_authorities VALUES ('7118e3c1:11d012c1880:-7214', 'gabrielpg', 'ROLE_CONTROLADOR');
INSERT INTO public.facultad_authorities VALUES ('802', 'gabrielpg', 'ROLE_CONTROLADOR');
INSERT INTO public.facultad_authorities VALUES ('-3eb40587:11d6e697e6e:-566d', 'gabrielpg', 'ROLE_MATRICULADOR');
INSERT INTO public.facultad_authorities VALUES ('111', 'gabrielpg', 'ROLE_MATRICULADOR');
INSERT INTO public.facultad_authorities VALUES ('120', 'gabrielpg', 'ROLE_MATRICULADOR');
INSERT INTO public.facultad_authorities VALUES ('314', 'gabrielpg', 'ROLE_MATRICULADOR');
INSERT INTO public.facultad_authorities VALUES ('602', 'gabrielpg', 'ROLE_MATRICULADOR');
INSERT INTO public.facultad_authorities VALUES ('603', 'gabrielpg', 'ROLE_MATRICULADOR');
INSERT INTO public.facultad_authorities VALUES ('7118e3c1:11d012c1880:-7214', 'gabrielpg', 'ROLE_MATRICULADOR');
INSERT INTO public.facultad_authorities VALUES ('802', 'gabrielpg', 'ROLE_MATRICULADOR');


--
-- TOC entry 3856 (class 0 OID 16528)
-- Dependencies: 269
-- Data for Name: facultad_cum; Type: TABLE DATA; Schema: public; Owner: postgres
--

INSERT INTO public.facultad_cum VALUES ('', '111', false);
INSERT INTO public.facultad_cum VALUES ('', '802', false);
INSERT INTO public.facultad_cum VALUES ('', '7118e3c1:11d012c1880:-7214', false);
INSERT INTO public.facultad_cum VALUES ('', '602', false);
INSERT INTO public.facultad_cum VALUES ('', '120', false);
INSERT INTO public.facultad_cum VALUES ('', '603', false);
INSERT INTO public.facultad_cum VALUES ('', '-3eb40587:11d6e697e6e:-566d', false);
INSERT INTO public.facultad_cum VALUES ('', '314', false);
INSERT INTO public.facultad_cum VALUES ('06815.0214', '120', false);
INSERT INTO public.facultad_cum VALUES ('06815.0211', '120', false);
INSERT INTO public.facultad_cum VALUES ('06815.0216', '120', false);
INSERT INTO public.facultad_cum VALUES ('06815.0207', '120', false);
INSERT INTO public.facultad_cum VALUES ('06815.0212', '120', false);
INSERT INTO public.facultad_cum VALUES ('06815.0209', '120', false);
INSERT INTO public.facultad_cum VALUES ('06815.0215', '120', false);
INSERT INTO public.facultad_cum VALUES ('0221', '120', false);


--
-- TOC entry 3857 (class 0 OID 16533)
-- Dependencies: 270
-- Data for Name: facultad_cum_carrera; Type: TABLE DATA; Schema: public; Owner: postgres
--

INSERT INTO public.facultad_cum_carrera VALUES ('', '120', 1, false);
INSERT INTO public.facultad_cum_carrera VALUES ('06815.0214', '120', 1, false);
INSERT INTO public.facultad_cum_carrera VALUES ('06815.0211', '120', 1, false);
INSERT INTO public.facultad_cum_carrera VALUES ('06815.0216', '120', 1, false);
INSERT INTO public.facultad_cum_carrera VALUES ('06815.0207', '120', 1, false);
INSERT INTO public.facultad_cum_carrera VALUES ('06815.0212', '120', 1, false);
INSERT INTO public.facultad_cum_carrera VALUES ('06815.0209', '120', 1, false);
INSERT INTO public.facultad_cum_carrera VALUES ('06815.0215', '120', 1, false);
INSERT INTO public.facultad_cum_carrera VALUES ('0221', '120', 1, false);
INSERT INTO public.facultad_cum_carrera VALUES ('', '120', 2, false);


--
-- TOC entry 3858 (class 0 OID 16538)
-- Dependencies: 271
-- Data for Name: facultad_cum_carrera_estudiante; Type: TABLE DATA; Schema: public; Owner: postgres
--

INSERT INTO public.facultad_cum_carrera_estudiante VALUES ('06815.0211', '120', 1, '98061804576', '2023-04-18', false, 1, 0, 0, 0, 0, 1, 2, 1, 15);
INSERT INTO public.facultad_cum_carrera_estudiante VALUES ('06815.0216', '120', 1, '95052501457', '2023-04-23', false, 1, 0, 0, 0, 0, 1, 2, 1, 5);
INSERT INTO public.facultad_cum_carrera_estudiante VALUES ('', '120', 2, '91141525454', '2023-04-24', false, 1, 0, 0, 0, 0, 1, 2, 2, 8);
INSERT INTO public.facultad_cum_carrera_estudiante VALUES ('', '120', 1, '94091027302', '2023-04-18', false, 1, 100, 100, 100, 100, 1, 1, 1, 7);


--
-- TOC entry 3859 (class 0 OID 16543)
-- Dependencies: 272
-- Data for Name: facultad_cum_carrera_estudiante_asignatura; Type: TABLE DATA; Schema: public; Owner: postgres
--

INSERT INTO public.facultad_cum_carrera_estudiante_asignatura VALUES ('', '120', 1, '94091027302', '2023-04-18', 2, false, true);
INSERT INTO public.facultad_cum_carrera_estudiante_asignatura VALUES ('06815.0211', '120', 1, '98061804576', '2023-04-18', 1, false, true);
INSERT INTO public.facultad_cum_carrera_estudiante_asignatura VALUES ('06815.0211', '120', 1, '98061804576', '2023-04-18', 2, false, true);
INSERT INTO public.facultad_cum_carrera_estudiante_asignatura VALUES ('06815.0216', '120', 1, '95052501457', '2023-04-23', 1, false, true);
INSERT INTO public.facultad_cum_carrera_estudiante_asignatura VALUES ('06815.0216', '120', 1, '95052501457', '2023-04-23', 2, false, true);
INSERT INTO public.facultad_cum_carrera_estudiante_asignatura VALUES ('', '120', 2, '91141525454', '2023-04-24', 3, false, true);
INSERT INTO public.facultad_cum_carrera_estudiante_asignatura VALUES ('', '120', 1, '94091027302', '2023-04-18', 1, false, false);


--
-- TOC entry 3860 (class 0 OID 16548)
-- Dependencies: 273
-- Data for Name: fuente_ingreso; Type: TABLE DATA; Schema: public; Owner: postgres
--

INSERT INTO public.fuente_ingreso VALUES (1, 'Curso por Encuentro Libre', false);
INSERT INTO public.fuente_ingreso VALUES (2, 'Graduado universitario con segunda carrera', false);
INSERT INTO public.fuente_ingreso VALUES (3, 'Extranjeros', false);
INSERT INTO public.fuente_ingreso VALUES (4, 'Orden 18', false);
INSERT INTO public.fuente_ingreso VALUES (5, 'Cadetes MININT', false);
INSERT INTO public.fuente_ingreso VALUES (6, 'Discapacitados', false);
INSERT INTO public.fuente_ingreso VALUES (7, 'Concurso', false);
INSERT INTO public.fuente_ingreso VALUES (8, 'Cadetes MINFAR', false);
INSERT INTO public.fuente_ingreso VALUES (9, 'Escuelas de Iniciacin Deportiva (EIDE)', false);
INSERT INTO public.fuente_ingreso VALUES (10, 'Ganadores de Eventos', false);
INSERT INTO public.fuente_ingreso VALUES (11, 'Servicio Militar Voluntario Femenino', false);
INSERT INTO public.fuente_ingreso VALUES (12, 'Curso por Encuentro', false);
INSERT INTO public.fuente_ingreso VALUES (13, 'Enseanza Tcnico Provincial', false);
INSERT INTO public.fuente_ingreso VALUES (14, 'Academias Deportivas de Alto Rendimiento', false);
INSERT INTO public.fuente_ingreso VALUES (15, 'Institutos Preuniversitarios', false);
INSERT INTO public.fuente_ingreso VALUES (16, 'Escuela de formacin de maestros', false);


--
-- TOC entry 3861 (class 0 OID 16552)
-- Dependencies: 274
-- Data for Name: grado_militar; Type: TABLE DATA; Schema: public; Owner: postgres
--

INSERT INTO public.grado_militar VALUES (1, 'Soldado', false);
INSERT INTO public.grado_militar VALUES (2, 'Sargento', false);
INSERT INTO public.grado_militar VALUES (3, 'Suboficial', false);
INSERT INTO public.grado_militar VALUES (4, 'Ninguno', false);
INSERT INTO public.grado_militar VALUES (5, 'Otro', false);


--
-- TOC entry 3862 (class 0 OID 16556)
-- Dependencies: 275
-- Data for Name: huerfano; Type: TABLE DATA; Schema: public; Owner: postgres
--

INSERT INTO public.huerfano VALUES (1, 'Madre', false);
INSERT INTO public.huerfano VALUES (2, 'Padre', false);
INSERT INTO public.huerfano VALUES (3, 'Ambos', false);
INSERT INTO public.huerfano VALUES (4, 'Ninguno', false);


--
-- TOC entry 3863 (class 0 OID 16560)
-- Dependencies: 276
-- Data for Name: matricula; Type: TABLE DATA; Schema: public; Owner: postgres
--

INSERT INTO public.matricula VALUES (1, '2023-04-26', '2023-08-01', false, false, '2023-2024', '', '120', 1);


--
-- TOC entry 3864 (class 0 OID 16566)
-- Dependencies: 277
-- Data for Name: matricula_facultad_cum_carrera_estudiante_asignatura; Type: TABLE DATA; Schema: public; Owner: postgres
--

INSERT INTO public.matricula_facultad_cum_carrera_estudiante_asignatura VALUES (1, '', '120', 1, '94091027302', '2023-04-18', 1, false, true);


--
-- TOC entry 3865 (class 0 OID 16571)
-- Dependencies: 278
-- Data for Name: minusvalia; Type: TABLE DATA; Schema: public; Owner: postgres
--

INSERT INTO public.minusvalia VALUES (1, 'Dbil auditivo', false);
INSERT INTO public.minusvalia VALUES (2, 'Deficiente permanente del habla o mudo', false);
INSERT INTO public.minusvalia VALUES (3, 'Dbil visual', false);
INSERT INTO public.minusvalia VALUES (4, 'Sordo', false);
INSERT INTO public.minusvalia VALUES (5, 'Fsico Motor', false);
INSERT INTO public.minusvalia VALUES (6, 'Enfermo mental crnico', false);
INSERT INTO public.minusvalia VALUES (7, 'Retraso mental', false);
INSERT INTO public.minusvalia VALUES (8, 'Ausencia de extremidades inferiores', false);
INSERT INTO public.minusvalia VALUES (9, 'Invalidez de extremidades inferiores', false);
INSERT INTO public.minusvalia VALUES (10, 'Ausencia de extremidades superiores', false);
INSERT INTO public.minusvalia VALUES (11, 'Invalidez de extremidades superiores', false);
INSERT INTO public.minusvalia VALUES (12, 'Ciego', false);


--
-- TOC entry 3866 (class 0 OID 16575)
-- Dependencies: 279
-- Data for Name: minusvalia_estudiante; Type: TABLE DATA; Schema: public; Owner: postgres
--

INSERT INTO public.minusvalia_estudiante VALUES (1, '94091027302');
INSERT INTO public.minusvalia_estudiante VALUES (8, '94091027302');
INSERT INTO public.minusvalia_estudiante VALUES (12, '94091027302');


--
-- TOC entry 3867 (class 0 OID 16578)
-- Dependencies: 280
-- Data for Name: motivo_baja; Type: TABLE DATA; Schema: public; Owner: postgres
--

INSERT INTO public.motivo_baja VALUES (1, 'Definitiva', 2, false);
INSERT INTO public.motivo_baja VALUES (2, 'Desercin', 2, false);
INSERT INTO public.motivo_baja VALUES (3, 'Voluntaria', 2, false);
INSERT INTO public.motivo_baja VALUES (4, 'Inasistencia', 1, false);
INSERT INTO public.motivo_baja VALUES (5, 'Insuficiencia Docente', 1, false);
INSERT INTO public.motivo_baja VALUES (6, 'Licencia de Matrcula', 1, false);
INSERT INTO public.motivo_baja VALUES (7, 'Prdida de Requisitos', 1, false);
INSERT INTO public.motivo_baja VALUES (8, 'Sancin Disciplinaria', 1, false);
INSERT INTO public.motivo_baja VALUES (9, 'Traslado', 1, false);


--
-- TOC entry 3868 (class 0 OID 16584)
-- Dependencies: 281
-- Data for Name: municipio; Type: TABLE DATA; Schema: public; Owner: postgres
--

INSERT INTO public.municipio VALUES (-1, -1, '', false);
INSERT INTO public.municipio VALUES (1, 5, 'CIENAGA DE ZAPATA', false);
INSERT INTO public.municipio VALUES (2, 5, 'JAGUEY GRANDE', false);
INSERT INTO public.municipio VALUES (3, 5, 'CALIMETE', false);
INSERT INTO public.municipio VALUES (4, 5, 'LOS ARABOS', false);
INSERT INTO public.municipio VALUES (5, 6, 'CORRALILLO', false);
INSERT INTO public.municipio VALUES (6, 6, 'QUEMADO DE GUINES', false);
INSERT INTO public.municipio VALUES (7, 6, 'SAGUA LA GRANDE', false);
INSERT INTO public.municipio VALUES (8, 6, 'ENCRUCIJADA', false);
INSERT INTO public.municipio VALUES (9, 6, 'CAMAJUANI', false);
INSERT INTO public.municipio VALUES (10, 6, 'CAIBARIEN', false);
INSERT INTO public.municipio VALUES (11, 6, 'REMEDIOS', false);
INSERT INTO public.municipio VALUES (12, 3, 'SANDINO', false);
INSERT INTO public.municipio VALUES (13, 3, 'MANTUA', false);
INSERT INTO public.municipio VALUES (14, 3, 'MINAS DE MATAHAMBRE', false);
INSERT INTO public.municipio VALUES (15, 3, 'LA PALMA', false);
INSERT INTO public.municipio VALUES (16, 3, 'LOS PALACIOS', false);
INSERT INTO public.municipio VALUES (17, 3, 'CONSOLACION DEL SUR', false);
INSERT INTO public.municipio VALUES (18, 3, 'PINAR DEL RIO', false);
INSERT INTO public.municipio VALUES (19, 6, 'PLACETAS', false);
INSERT INTO public.municipio VALUES (20, 6, 'SANTA CLARA', false);
INSERT INTO public.municipio VALUES (21, 6, 'CIFUENTES', false);
INSERT INTO public.municipio VALUES (22, 6, 'SANTO DOMINGO', false);
INSERT INTO public.municipio VALUES (23, 6, 'RANCHUELO', false);
INSERT INTO public.municipio VALUES (24, 6, 'MANICARAGUA', false);
INSERT INTO public.municipio VALUES (25, 8, 'YAGUAJAY', false);
INSERT INTO public.municipio VALUES (26, 8, 'JATIBONICO', false);
INSERT INTO public.municipio VALUES (27, 8, 'TAGUASCO', false);
INSERT INTO public.municipio VALUES (28, 8, 'CABAIGUAN', false);
INSERT INTO public.municipio VALUES (29, 8, 'FOMENTO', false);
INSERT INTO public.municipio VALUES (30, 8, 'TRINIDAD', false);
INSERT INTO public.municipio VALUES (31, 8, 'SANCTI SPIRITUS', false);
INSERT INTO public.municipio VALUES (32, 8, 'LA SIERPE', false);
INSERT INTO public.municipio VALUES (33, 13, 'RIO CAUTO', false);
INSERT INTO public.municipio VALUES (34, 13, 'CAUTO CRISTO', false);
INSERT INTO public.municipio VALUES (35, 13, 'JIGUANI', false);
INSERT INTO public.municipio VALUES (36, 13, 'BAYAMO', false);
INSERT INTO public.municipio VALUES (37, 13, 'YARA', false);
INSERT INTO public.municipio VALUES (38, 13, 'MANZANILLO', false);
INSERT INTO public.municipio VALUES (39, 13, 'CAMPECHUELA', false);
INSERT INTO public.municipio VALUES (40, 13, 'MEDIA LUNA', false);
INSERT INTO public.municipio VALUES (41, 13, 'NIQUERO', false);
INSERT INTO public.municipio VALUES (42, 13, 'PILON', false);
INSERT INTO public.municipio VALUES (43, 13, 'BARTOLOME MASO', false);
INSERT INTO public.municipio VALUES (44, 13, 'BUEY ARRIBA', false);
INSERT INTO public.municipio VALUES (45, 13, 'GUISA', false);
INSERT INTO public.municipio VALUES (46, 14, 'CONTRAMAESTRE', false);
INSERT INTO public.municipio VALUES (47, 14, 'MELLA', false);
INSERT INTO public.municipio VALUES (48, 14, 'SAN LUIS', false);
INSERT INTO public.municipio VALUES (49, 14, 'SEGUNDO FRENTE', false);
INSERT INTO public.municipio VALUES (50, 14, 'SONGO - LA MAYA', false);
INSERT INTO public.municipio VALUES (51, 14, 'SANTIAGO DE CUBA', false);
INSERT INTO public.municipio VALUES (52, 14, 'PALMA SORIANO', false);
INSERT INTO public.municipio VALUES (53, 14, 'TERCER FRENTE', false);
INSERT INTO public.municipio VALUES (54, 14, 'GUAMA', false);
INSERT INTO public.municipio VALUES (55, 15, 'EL SALVADOR', false);
INSERT INTO public.municipio VALUES (56, 15, 'YATERAS', false);
INSERT INTO public.municipio VALUES (57, 15, 'BARACOA', false);
INSERT INTO public.municipio VALUES (58, 15, 'MAISI', false);
INSERT INTO public.municipio VALUES (59, 15, 'GUANTANAMO', false);
INSERT INTO public.municipio VALUES (60, 3, 'SAN JUAN Y MARTINEZ', false);
INSERT INTO public.municipio VALUES (61, 3, 'GUANE', false);
INSERT INTO public.municipio VALUES (62, 1, 'BAHIA HONDA', false);
INSERT INTO public.municipio VALUES (63, 1, 'MARIEL', false);
INSERT INTO public.municipio VALUES (64, 1, 'GUANAJAY', false);
INSERT INTO public.municipio VALUES (65, 1, 'CAIMITO', false);
INSERT INTO public.municipio VALUES (66, 1, 'BAUTA', false);
INSERT INTO public.municipio VALUES (67, 1, 'GUIRA DE MELENA', false);
INSERT INTO public.municipio VALUES (68, 1, 'ALQUIZAR', false);
INSERT INTO public.municipio VALUES (69, 1, 'ARTEMISA', false);
INSERT INTO public.municipio VALUES (70, 1, 'CANDELARIA', false);
INSERT INTO public.municipio VALUES (71, 1, 'SAN CRISTOBAL', false);
INSERT INTO public.municipio VALUES (72, 4, 'PLAYA', false);
INSERT INTO public.municipio VALUES (73, 4, 'PLAZA DE LA REVOLUCION', false);
INSERT INTO public.municipio VALUES (74, 4, 'CENTRO HABANA', false);
INSERT INTO public.municipio VALUES (75, 4, 'LA HABANA VIEJA', false);
INSERT INTO public.municipio VALUES (76, 4, 'REGLA', false);
INSERT INTO public.municipio VALUES (77, 4, 'LA HABANA DEL ESTE', false);
INSERT INTO public.municipio VALUES (78, 4, 'GUANABACOA', false);
INSERT INTO public.municipio VALUES (79, 4, 'SAN MIGUEL DEL PADRON', false);
INSERT INTO public.municipio VALUES (80, 4, 'DIEZ DE OCTUBRE', false);
INSERT INTO public.municipio VALUES (81, 4, 'CERRO', false);
INSERT INTO public.municipio VALUES (82, 4, 'MARIANAO', false);
INSERT INTO public.municipio VALUES (83, 4, 'LA LISA', false);
INSERT INTO public.municipio VALUES (84, 4, 'BOYEROS', false);
INSERT INTO public.municipio VALUES (85, 4, 'ARROYO NARANJO', false);
INSERT INTO public.municipio VALUES (86, 4, 'COTORRO', false);
INSERT INTO public.municipio VALUES (87, 2, 'BEJUCAL', false);
INSERT INTO public.municipio VALUES (88, 2, 'SAN JOSE DE LAS LAJAS', false);
INSERT INTO public.municipio VALUES (89, 2, 'JARUCO', false);
INSERT INTO public.municipio VALUES (90, 2, 'SANTA CRUZ DEL NORTE', false);
INSERT INTO public.municipio VALUES (91, 2, 'MADRUGA', false);
INSERT INTO public.municipio VALUES (92, 2, 'NUEVA PAZ', false);
INSERT INTO public.municipio VALUES (93, 2, 'SAN NICOLAS', false);
INSERT INTO public.municipio VALUES (94, 2, 'GUINES', false);
INSERT INTO public.municipio VALUES (95, 2, 'MELENA DEL SUR', false);
INSERT INTO public.municipio VALUES (96, 2, 'BATABANO', false);
INSERT INTO public.municipio VALUES (97, 2, 'QUIVICAN', false);
INSERT INTO public.municipio VALUES (98, 9, 'CHAMBAS', false);
INSERT INTO public.municipio VALUES (99, 9, 'MORON', false);
INSERT INTO public.municipio VALUES (100, 9, 'BOLIVIA', false);
INSERT INTO public.municipio VALUES (101, 9, 'PRIMERO DE ENERO', false);
INSERT INTO public.municipio VALUES (102, 9, 'CIRO REDONDO', false);
INSERT INTO public.municipio VALUES (103, 9, 'FLORENCIA', false);
INSERT INTO public.municipio VALUES (104, 9, 'MAJAGUA', false);
INSERT INTO public.municipio VALUES (105, 9, 'CIEGO DE AVILA', false);
INSERT INTO public.municipio VALUES (106, 9, 'VENEZUELA', false);
INSERT INTO public.municipio VALUES (107, 9, 'BARAGUA', false);
INSERT INTO public.municipio VALUES (108, 10, 'CARLOS MANUEL DE CESPEDES', false);
INSERT INTO public.municipio VALUES (109, 10, 'ESMERALDA', false);
INSERT INTO public.municipio VALUES (110, 10, 'SIERRA DE CUBITAS', false);
INSERT INTO public.municipio VALUES (111, 10, 'MINAS', false);
INSERT INTO public.municipio VALUES (112, 10, 'NUEVITAS', false);
INSERT INTO public.municipio VALUES (113, 10, 'GUAIMARO', false);
INSERT INTO public.municipio VALUES (114, 10, 'SIBANICU', false);
INSERT INTO public.municipio VALUES (115, 10, 'CAMAGUEY', false);
INSERT INTO public.municipio VALUES (116, 10, 'FLORIDA', false);
INSERT INTO public.municipio VALUES (117, 10, 'VERTIENTES', false);
INSERT INTO public.municipio VALUES (118, 10, 'JIMAGUAYU', false);
INSERT INTO public.municipio VALUES (119, 10, 'NAJASA', false);
INSERT INTO public.municipio VALUES (120, 10, 'SANTA CRUZ DEL SUR', false);
INSERT INTO public.municipio VALUES (121, 11, 'MANATI', false);
INSERT INTO public.municipio VALUES (122, 11, 'PUERTO PADRE', false);
INSERT INTO public.municipio VALUES (123, 11, 'JESUS MENENDEZ', false);
INSERT INTO public.municipio VALUES (124, 11, 'MAJIBACOA', false);
INSERT INTO public.municipio VALUES (125, 11, 'LAS TUNAS', false);
INSERT INTO public.municipio VALUES (126, 11, 'JOBABO', false);
INSERT INTO public.municipio VALUES (127, 11, 'COLOMBIA', false);
INSERT INTO public.municipio VALUES (128, 11, 'AMANCIO', false);
INSERT INTO public.municipio VALUES (129, 12, 'GIBARA', false);
INSERT INTO public.municipio VALUES (130, 12, 'RAFAEL FREYRE', false);
INSERT INTO public.municipio VALUES (131, 12, 'BANES', false);
INSERT INTO public.municipio VALUES (132, 12, 'ANTILLA', false);
INSERT INTO public.municipio VALUES (133, 12, 'BAGUANOS', false);
INSERT INTO public.municipio VALUES (134, 12, 'HOLGUIN', false);
INSERT INTO public.municipio VALUES (135, 12, 'CALIXTO GARCIA', false);
INSERT INTO public.municipio VALUES (136, 12, 'CACOCUM', false);
INSERT INTO public.municipio VALUES (137, 12, 'URBANO NORIS', false);
INSERT INTO public.municipio VALUES (138, 12, 'CUETO', false);
INSERT INTO public.municipio VALUES (139, 12, 'MAYARI', false);
INSERT INTO public.municipio VALUES (140, 12, 'FRANK PAIS', false);
INSERT INTO public.municipio VALUES (141, 12, 'SAGUA DE TANAMO', false);
INSERT INTO public.municipio VALUES (142, 12, 'MOA', false);
INSERT INTO public.municipio VALUES (143, 5, 'MATANZAS', false);
INSERT INTO public.municipio VALUES (144, 5, 'CARDENAS', false);
INSERT INTO public.municipio VALUES (145, 5, 'MARTI', false);
INSERT INTO public.municipio VALUES (146, 5, 'COLON', false);
INSERT INTO public.municipio VALUES (147, 5, 'PERICO', false);
INSERT INTO public.municipio VALUES (148, 5, 'JOVELLANOS', false);
INSERT INTO public.municipio VALUES (149, 5, 'PEDRO BETANCOURT', false);
INSERT INTO public.municipio VALUES (150, 5, 'LIMONAR', false);
INSERT INTO public.municipio VALUES (151, 5, 'UNION DE REYES', false);
INSERT INTO public.municipio VALUES (152, 7, 'RODAS', false);
INSERT INTO public.municipio VALUES (153, 7, 'PALMIRA', false);
INSERT INTO public.municipio VALUES (154, 7, 'LAJAS', false);
INSERT INTO public.municipio VALUES (155, 7, 'CRUCES', false);
INSERT INTO public.municipio VALUES (156, 7, 'CUMANAYAGUA', false);
INSERT INTO public.municipio VALUES (157, 7, 'ABREUS', false);
INSERT INTO public.municipio VALUES (158, 15, 'MANUEL TAMES', false);
INSERT INTO public.municipio VALUES (159, 15, 'IMIAS', false);
INSERT INTO public.municipio VALUES (160, 15, 'SAN ANTONIO DEL SUR', false);
INSERT INTO public.municipio VALUES (161, 15, 'CAIMANERA', false);
INSERT INTO public.municipio VALUES (162, 15, 'NICETO PEREZ', false);
INSERT INTO public.municipio VALUES (163, 16, 'ISLA DE LA JUVENTUD', false);
INSERT INTO public.municipio VALUES (164, 3, 'VIALES', false);
INSERT INTO public.municipio VALUES (165, 1, 'SAN ANTONIO DE LOS BAOS', false);
INSERT INTO public.municipio VALUES (166, 7, 'AGUADA DE PASAJEROS', false);
INSERT INTO public.municipio VALUES (167, 3, 'SAN LUIS', false);
INSERT INTO public.municipio VALUES (168, 7, 'CIENFUEGOS', false);


--
-- TOC entry 3869 (class 0 OID 16588)
-- Dependencies: 282
-- Data for Name: nivel_escolar; Type: TABLE DATA; Schema: public; Owner: postgres
--

INSERT INTO public.nivel_escolar VALUES (1, 'Primaria', false);
INSERT INTO public.nivel_escolar VALUES (2, 'Media', false);
INSERT INTO public.nivel_escolar VALUES (3, 'Media Superior', false);
INSERT INTO public.nivel_escolar VALUES (4, 'Superior', false);
INSERT INTO public.nivel_escolar VALUES (5, 'Desconocido', false);


--
-- TOC entry 3870 (class 0 OID 16592)
-- Dependencies: 283
-- Data for Name: ocupacion; Type: TABLE DATA; Schema: public; Owner: postgres
--

INSERT INTO public.ocupacion VALUES (1, 'Obrero', false);
INSERT INTO public.ocupacion VALUES (2, 'Tcnico', false);
INSERT INTO public.ocupacion VALUES (3, 'Dirigente', false);
INSERT INTO public.ocupacion VALUES (4, 'Profesional', false);
INSERT INTO public.ocupacion VALUES (5, 'Ama de casa', false);
INSERT INTO public.ocupacion VALUES (6, 'Campesino', false);
INSERT INTO public.ocupacion VALUES (7, 'Cuentapropista', false);
INSERT INTO public.ocupacion VALUES (8, 'Jubilado', false);
INSERT INTO public.ocupacion VALUES (9, 'Servicios', false);
INSERT INTO public.ocupacion VALUES (10, 'Administrativo', false);
INSERT INTO public.ocupacion VALUES (11, 'Desconocido', false);
INSERT INTO public.ocupacion VALUES (12, 'Otra ocupacin', false);
INSERT INTO public.ocupacion VALUES (13, 'Turismo', false);


--
-- TOC entry 3871 (class 0 OID 16596)
-- Dependencies: 284
-- Data for Name: ong; Type: TABLE DATA; Schema: public; Owner: postgres
--



--
-- TOC entry 3872 (class 0 OID 16600)
-- Dependencies: 285
-- Data for Name: ong_estudiante; Type: TABLE DATA; Schema: public; Owner: postgres
--



--
-- TOC entry 3873 (class 0 OID 16603)
-- Dependencies: 286
-- Data for Name: organismo; Type: TABLE DATA; Schema: public; Owner: postgres
--

INSERT INTO public.organismo VALUES (1, 'INSTITUTO NACIONAL DE RESERVAS ESTATALES (INRE)', false);
INSERT INTO public.organismo VALUES (2, 'MINISTERIO DE AUDITORIA Y CONTROL (MAC)', false);
INSERT INTO public.organismo VALUES (3, 'CIMEX', false);
INSERT INTO public.organismo VALUES (4, 'Ministerio de la Industria Alimentaria', false);
INSERT INTO public.organismo VALUES (5, 'Poder Popular de Artemisa', false);
INSERT INTO public.organismo VALUES (6, 'Poder Popular de Mayabeque', false);
INSERT INTO public.organismo VALUES (7, 'No se subordina a un Organismo', false);
INSERT INTO public.organismo VALUES (8, 'Consejo de Ministros', false);
INSERT INTO public.organismo VALUES (9, 'Oficina del Historiador de Ciudad Habana', false);
INSERT INTO public.organismo VALUES (10, 'Ministerio de la Industria Ligera', false);
INSERT INTO public.organismo VALUES (11, 'Ministerio de la Agricultura', false);
INSERT INTO public.organismo VALUES (12, 'Ministerio del Transporte', false);
INSERT INTO public.organismo VALUES (13, 'Instituto de la Aeronautica Civil de Cuba', false);
INSERT INTO public.organismo VALUES (14, 'Ministerio de la Informatica y las Comunicaciones', false);
INSERT INTO public.organismo VALUES (15, 'Ministerio del  Comercio Interior', false);
INSERT INTO public.organismo VALUES (16, 'Ministerio de  Cultura', false);
INSERT INTO public.organismo VALUES (17, 'Ministerio de Salud Publica', false);
INSERT INTO public.organismo VALUES (18, 'Banco Nacional de Cuba', false);
INSERT INTO public.organismo VALUES (19, 'Banco Popular de Ahorro', false);
INSERT INTO public.organismo VALUES (20, 'Ministerio de Finanzas y Precios', false);
INSERT INTO public.organismo VALUES (21, 'Ministerio del Turismo', false);
INSERT INTO public.organismo VALUES (22, 'Banco Central de Cuba', false);
INSERT INTO public.organismo VALUES (23, 'Banco Exterior de Cuba', false);
INSERT INTO public.organismo VALUES (24, 'Ministerio de Trabajo y Seguridad Social', false);
INSERT INTO public.organismo VALUES (25, 'Ministerio de Justicia', false);
INSERT INTO public.organismo VALUES (26, 'Ministerio de Relaciones Exteriores', false);
INSERT INTO public.organismo VALUES (27, 'Tribunal Supremo Popular', false);
INSERT INTO public.organismo VALUES (28, 'Ministerio de las Fuerzas Armadas Revolucionarias', false);
INSERT INTO public.organismo VALUES (29, 'Ministerio del Interior', false);
INSERT INTO public.organismo VALUES (30, 'Consejo de Estado', false);
INSERT INTO public.organismo VALUES (31, 'Comite Ejecutivo del Consejo de Ministros', false);
INSERT INTO public.organismo VALUES (32, 'Poder Popular de la Habana.', false);
INSERT INTO public.organismo VALUES (33, 'Poder Popular de Matanzas.', false);
INSERT INTO public.organismo VALUES (34, 'Poder Popular de Villa Clara.', false);
INSERT INTO public.organismo VALUES (35, 'Poder Popular de Cienfuegos.', false);
INSERT INTO public.organismo VALUES (36, 'Poder Popular de Sancti Spiritus.', false);
INSERT INTO public.organismo VALUES (37, 'Poder Popular de Ciego de Avila.', false);
INSERT INTO public.organismo VALUES (38, 'Poder Popular de Camaguey.', false);
INSERT INTO public.organismo VALUES (39, 'Poder Popular de Las Tunas.', false);
INSERT INTO public.organismo VALUES (40, 'Poder Popular de Holguin.', false);
INSERT INTO public.organismo VALUES (41, 'Poder Popular de Granma.', false);
INSERT INTO public.organismo VALUES (42, 'Poder Popular de Santiago de Cuba.', false);
INSERT INTO public.organismo VALUES (43, 'Poder Popular de Gantanamo.', false);
INSERT INTO public.organismo VALUES (44, 'Poder Popular de Isla de la Juventud.', false);
INSERT INTO public.organismo VALUES (45, 'Partido Comunista de Cuba', false);
INSERT INTO public.organismo VALUES (46, 'Central de Trabajadores de Cuba', false);
INSERT INTO public.organismo VALUES (47, 'Organismo Desconocido', false);


--
-- TOC entry 3874 (class 0 OID 16607)
-- Dependencies: 287
-- Data for Name: organizacion_politica; Type: TABLE DATA; Schema: public; Owner: postgres
--

INSERT INTO public.organizacion_politica VALUES (1, 'PCC', false);
INSERT INTO public.organizacion_politica VALUES (2, 'UJC', false);
INSERT INTO public.organizacion_politica VALUES (3, 'Doble Militancia', false);
INSERT INTO public.organizacion_politica VALUES (4, 'Ninguna', false);


--
-- TOC entry 3875 (class 0 OID 16611)
-- Dependencies: 288
-- Data for Name: organizacion_popular; Type: TABLE DATA; Schema: public; Owner: postgres
--

INSERT INTO public.organizacion_popular VALUES (1, 'CDR', false);
INSERT INTO public.organizacion_popular VALUES (2, 'FMC', false);


--
-- TOC entry 3876 (class 0 OID 16615)
-- Dependencies: 289
-- Data for Name: organizacion_popular_estudiante; Type: TABLE DATA; Schema: public; Owner: postgres
--

INSERT INTO public.organizacion_popular_estudiante VALUES (1, '94091027302');
INSERT INTO public.organizacion_popular_estudiante VALUES (1, '91141525454');


--
-- TOC entry 3877 (class 0 OID 16618)
-- Dependencies: 290
-- Data for Name: pais; Type: TABLE DATA; Schema: public; Owner: postgres
--

INSERT INTO public.pais VALUES (1, 'Cuba', false);
INSERT INTO public.pais VALUES (-1, '', false);
INSERT INTO public.pais VALUES (2, 'Egipto', false);
INSERT INTO public.pais VALUES (3, 'Croacia', false);
INSERT INTO public.pais VALUES (4, 'Tnez', false);
INSERT INTO public.pais VALUES (5, 'Bolivia', false);
INSERT INTO public.pais VALUES (6, 'Noruega', false);
INSERT INTO public.pais VALUES (7, 'Arabia Saudita', false);
INSERT INTO public.pais VALUES (8, 'Timor Leste', false);
INSERT INTO public.pais VALUES (9, 'Sri Lanka', false);
INSERT INTO public.pais VALUES (10, 'Servia', false);
INSERT INTO public.pais VALUES (11, 'Gibraltar', false);
INSERT INTO public.pais VALUES (12, 'Turkmenistn', false);
INSERT INTO public.pais VALUES (13, 'Argentina', false);
INSERT INTO public.pais VALUES (14, 'Espaa', false);
INSERT INTO public.pais VALUES (15, 'Burkina Faso', false);
INSERT INTO public.pais VALUES (16, 'Guernesey', false);
INSERT INTO public.pais VALUES (17, 'Repblica de Corea', false);
INSERT INTO public.pais VALUES (18, 'Zimbabwe', false);
INSERT INTO public.pais VALUES (19, 'Islas Marshall', false);
INSERT INTO public.pais VALUES (20, 'Islas Vrgenes de los Estados Unidos', false);
INSERT INTO public.pais VALUES (21, 'Repblica Bolivariana de Venezuela', false);
INSERT INTO public.pais VALUES (22, 'Francia', false);
INSERT INTO public.pais VALUES (23, 'Mongolia', false);
INSERT INTO public.pais VALUES (24, 'Mozambique', false);
INSERT INTO public.pais VALUES (25, 'Chad', false);
INSERT INTO public.pais VALUES (26, 'Pakistn', false);
INSERT INTO public.pais VALUES (27, 'Fiji', false);
INSERT INTO public.pais VALUES (28, 'Guadalupe', false);
INSERT INTO public.pais VALUES (29, 'Filipinas', false);
INSERT INTO public.pais VALUES (30, 'Armenia', false);
INSERT INTO public.pais VALUES (31, 'Sierra Leona', false);
INSERT INTO public.pais VALUES (32, 'Belars', false);
INSERT INTO public.pais VALUES (33, 'Repblica Unida de Tanzania', false);
INSERT INTO public.pais VALUES (34, 'Islas land', false);
INSERT INTO public.pais VALUES (35, 'Irn', false);
INSERT INTO public.pais VALUES (36, 'Lesotho', false);
INSERT INTO public.pais VALUES (37, 'Islas Vrgenes Britnicas', false);
INSERT INTO public.pais VALUES (38, 'Iraq', false);
INSERT INTO public.pais VALUES (39, 'Montenegro', false);
INSERT INTO public.pais VALUES (40, 'Gabn', false);
INSERT INTO public.pais VALUES (41, 'Chipre', false);
INSERT INTO public.pais VALUES (42, 'Marruecos', false);
INSERT INTO public.pais VALUES (43, 'Qatar', false);
INSERT INTO public.pais VALUES (44, 'China', false);
INSERT INTO public.pais VALUES (45, 'Andorra', false);
INSERT INTO public.pais VALUES (46, 'Japn', false);
INSERT INTO public.pais VALUES (47, 'Anguila', false);
INSERT INTO public.pais VALUES (48, 'Saint Kitts y Nevis', false);
INSERT INTO public.pais VALUES (49, 'Bhutn', false);
INSERT INTO public.pais VALUES (50, 'Bahrein', false);
INSERT INTO public.pais VALUES (51, 'Kazajstn', false);
INSERT INTO public.pais VALUES (52, 'El Salvador', false);
INSERT INTO public.pais VALUES (53, 'Territorio Palestino Ocupado', false);
INSERT INTO public.pais VALUES (54, 'Granada', false);
INSERT INTO public.pais VALUES (55, 'Tailandia', false);
INSERT INTO public.pais VALUES (56, 'Grecia', false);
INSERT INTO public.pais VALUES (57, 'Islas Norfolk', false);
INSERT INTO public.pais VALUES (58, 'Islas Feroe', false);
INSERT INTO public.pais VALUES (59, 'Cte DIvoire', false);
INSERT INTO public.pais VALUES (60, 'Nueva Caledonia', false);
INSERT INTO public.pais VALUES (61, 'Suiza', false);
INSERT INTO public.pais VALUES (62, 'Gambia', false);
INSERT INTO public.pais VALUES (63, 'Eslovaquia', false);
INSERT INTO public.pais VALUES (64, 'Guyana', false);
INSERT INTO public.pais VALUES (65, 'Somalia', false);
INSERT INTO public.pais VALUES (66, 'Austria', false);
INSERT INTO public.pais VALUES (67, 'Puerto Rico', false);
INSERT INTO public.pais VALUES (68, 'Singapur', false);
INSERT INTO public.pais VALUES (69, 'Bermuda', false);
INSERT INTO public.pais VALUES (70, 'Repblica Centro Africana', false);
INSERT INTO public.pais VALUES (71, 'Comores', false);
INSERT INTO public.pais VALUES (72, 'Kiribati', false);
INSERT INTO public.pais VALUES (73, 'Nauru', false);
INSERT INTO public.pais VALUES (74, 'Nueva Zelanda', false);
INSERT INTO public.pais VALUES (75, 'Repblica Dominicana', false);
INSERT INTO public.pais VALUES (76, 'Irlanda', false);
INSERT INTO public.pais VALUES (77, 'Lbano', false);
INSERT INTO public.pais VALUES (78, 'Aruba', false);
INSERT INTO public.pais VALUES (79, 'Liberia', false);
INSERT INTO public.pais VALUES (80, 'Federacin Rusa', false);
INSERT INTO public.pais VALUES (81, 'Reino Unido', false);
INSERT INTO public.pais VALUES (82, 'Hungra', false);
INSERT INTO public.pais VALUES (83, 'Dinamarca', false);
INSERT INTO public.pais VALUES (84, 'Paraguay', false);
INSERT INTO public.pais VALUES (85, 'Malasia', false);
INSERT INTO public.pais VALUES (86, 'Estonia', false);
INSERT INTO public.pais VALUES (87, 'Islas Wallis y Futuna', false);
INSERT INTO public.pais VALUES (88, 'Santa Sede', false);
INSERT INTO public.pais VALUES (89, 'Portugal', false);
INSERT INTO public.pais VALUES (90, 'Santo Tom y Prncipe', false);
INSERT INTO public.pais VALUES (91, 'Honduras', false);
INSERT INTO public.pais VALUES (92, 'Jordania', false);
INSERT INTO public.pais VALUES (93, 'Montserrat', false);
INSERT INTO public.pais VALUES (94, 'Pitcairn', false);
INSERT INTO public.pais VALUES (95, 'Finlandia', false);
INSERT INTO public.pais VALUES (96, 'Macedonia', false);
INSERT INTO public.pais VALUES (97, 'Rwanda', false);
INSERT INTO public.pais VALUES (98, 'Djibouti', false);
INSERT INTO public.pais VALUES (99, 'Suriname', false);
INSERT INTO public.pais VALUES (100, 'Mxico', false);
INSERT INTO public.pais VALUES (101, 'Nigeria', false);
INSERT INTO public.pais VALUES (102, 'Pases Bajos', false);
INSERT INTO public.pais VALUES (103, 'Hait', false);
INSERT INTO public.pais VALUES (104, 'Repblica Democrtica del Congo', false);
INSERT INTO public.pais VALUES (105, 'Malta', false);
INSERT INTO public.pais VALUES (106, 'Polonia', false);
INSERT INTO public.pais VALUES (107, 'Senegal', false);
INSERT INTO public.pais VALUES (108, 'Yemen', false);
INSERT INTO public.pais VALUES (109, 'Jamaica', false);
INSERT INTO public.pais VALUES (110, 'Guatemala', false);
INSERT INTO public.pais VALUES (111, 'Angola', false);
INSERT INTO public.pais VALUES (112, 'Namibia', false);
INSERT INTO public.pais VALUES (113, 'Cabo Verde', false);
INSERT INTO public.pais VALUES (114, 'Brasil', false);
INSERT INTO public.pais VALUES (115, 'Costa Rica', false);
INSERT INTO public.pais VALUES (116, 'Isla de Man', false);
INSERT INTO public.pais VALUES (117, 'Saint Pierre y Miquelon', false);
INSERT INTO public.pais VALUES (118, 'Swazilandia', false);
INSERT INTO public.pais VALUES (119, 'Togo', false);
INSERT INTO public.pais VALUES (120, 'Kirguizistn', false);
INSERT INTO public.pais VALUES (121, 'Nepal', false);
INSERT INTO public.pais VALUES (122, 'Mauricio', false);
INSERT INTO public.pais VALUES (123, 'Luxemburgo', false);
INSERT INTO public.pais VALUES (124, 'Rumania', false);
INSERT INTO public.pais VALUES (125, 'Kenya', false);
INSERT INTO public.pais VALUES (126, 'Bangladesh', false);
INSERT INTO public.pais VALUES (127, 'Dominica', false);
INSERT INTO public.pais VALUES (128, 'Tokelau', false);
INSERT INTO public.pais VALUES (129, 'Ucrania', false);
INSERT INTO public.pais VALUES (130, 'Letonia', false);
INSERT INTO public.pais VALUES (131, 'Tuvalu', false);
INSERT INTO public.pais VALUES (132, 'Bosnia y Herzegovina', false);
INSERT INTO public.pais VALUES (133, 'Turqua', false);
INSERT INTO public.pais VALUES (135, 'Samoa Americana', false);
INSERT INTO public.pais VALUES (136, 'Congo', false);
INSERT INTO public.pais VALUES (137, 'Indonesia', false);
INSERT INTO public.pais VALUES (138, 'Ecuador', false);
INSERT INTO public.pais VALUES (139, 'Islas Turcas y Caicos', false);
INSERT INTO public.pais VALUES (140, 'Israel', false);
INSERT INTO public.pais VALUES (141, 'Blgica', false);
INSERT INTO public.pais VALUES (142, 'Groenlandia', false);
INSERT INTO public.pais VALUES (143, 'Alemania', false);
INSERT INTO public.pais VALUES (144, 'Palau', false);
INSERT INTO public.pais VALUES (145, 'Ghana', false);
INSERT INTO public.pais VALUES (146, 'Barbados', false);
INSERT INTO public.pais VALUES (147, 'Lituania', false);
INSERT INTO public.pais VALUES (148, 'Myanmar', false);
INSERT INTO public.pais VALUES (149, 'Burundi', false);
INSERT INTO public.pais VALUES (150, 'Islas Svalbard y Jan Mayen', false);
INSERT INTO public.pais VALUES (151, 'Panam', false);
INSERT INTO public.pais VALUES (152, 'Micronesia', false);
INSERT INTO public.pais VALUES (153, 'Eritrea', false);
INSERT INTO public.pais VALUES (154, 'Jersey', false);
INSERT INTO public.pais VALUES (155, 'Benin', false);
INSERT INTO public.pais VALUES (156, 'Malawi', false);
INSERT INTO public.pais VALUES (157, 'Estados Unidos', false);
INSERT INTO public.pais VALUES (158, 'Azerbaiyn', false);
INSERT INTO public.pais VALUES (159, 'Georgia', false);
INSERT INTO public.pais VALUES (160, 'Uzbekistn', false);
INSERT INTO public.pais VALUES (161, 'India', false);
INSERT INTO public.pais VALUES (162, 'Islas Caimn', false);
INSERT INTO public.pais VALUES (163, 'Madagascar', false);
INSERT INTO public.pais VALUES (164, 'Santa Elena', false);
INSERT INTO public.pais VALUES (165, 'Uruguay', false);
INSERT INTO public.pais VALUES (166, 'Santa Luca', false);
INSERT INTO public.pais VALUES (167, 'Sudfrica', false);
INSERT INTO public.pais VALUES (168, 'Bahamas', false);
INSERT INTO public.pais VALUES (169, 'Hong Kong (regin administrativa especial de China)', false);
INSERT INTO public.pais VALUES (170, 'Guinea-Bissau', false);
INSERT INTO public.pais VALUES (171, 'Seychelles', false);
INSERT INTO public.pais VALUES (172, 'Vanuatu', false);
INSERT INTO public.pais VALUES (173, 'Islas Marianas Septentrionales', false);
INSERT INTO public.pais VALUES (174, 'Argelia', false);
INSERT INTO public.pais VALUES (175, 'Provincia China de Taiwn', false);
INSERT INTO public.pais VALUES (176, 'Guinea Ecuatorial', false);
INSERT INTO public.pais VALUES (177, 'Kuwait', false);
INSERT INTO public.pais VALUES (178, 'Colombia', false);
INSERT INTO public.pais VALUES (179, 'Papua Nueva Guinea', false);
INSERT INTO public.pais VALUES (180, 'Camern', false);
INSERT INTO public.pais VALUES (181, 'Trinidad y Tobago', false);
INSERT INTO public.pais VALUES (182, 'Islas Malvinas', false);
INSERT INTO public.pais VALUES (183, 'Sudn', false);
INSERT INTO public.pais VALUES (184, 'Liechtenstein', false);
INSERT INTO public.pais VALUES (185, 'Guayana Francesa', false);
INSERT INTO public.pais VALUES (186, 'Brunei Darussalam', false);
INSERT INTO public.pais VALUES (187, 'Reunin', false);
INSERT INTO public.pais VALUES (188, 'Sahara Occidental', false);
INSERT INTO public.pais VALUES (189, 'Guinea', false);
INSERT INTO public.pais VALUES (190, 'Zambia', false);
INSERT INTO public.pais VALUES (191, 'Mnaco', false);
INSERT INTO public.pais VALUES (192, 'Botswana', false);
INSERT INTO public.pais VALUES (193, 'Repblica de Moldavia', false);
INSERT INTO public.pais VALUES (194, 'Nicaragua', false);
INSERT INTO public.pais VALUES (195, 'Repblica Checa', false);
INSERT INTO public.pais VALUES (196, 'Samoa', false);
INSERT INTO public.pais VALUES (197, 'Macao', false);
INSERT INTO public.pais VALUES (198, 'Tayikistn', false);
INSERT INTO public.pais VALUES (199, 'Maldivas', false);
INSERT INTO public.pais VALUES (200, 'Repblica Democrtica Popular Lao', false);
INSERT INTO public.pais VALUES (201, 'Emiratos Arabes Unidos', false);
INSERT INTO public.pais VALUES (202, 'Martinica', false);
INSERT INTO public.pais VALUES (203, 'Nger', false);
INSERT INTO public.pais VALUES (204, 'Repblica Arabe Siria', false);
INSERT INTO public.pais VALUES (205, 'Etiopa', false);
INSERT INTO public.pais VALUES (206, 'Islandia', false);
INSERT INTO public.pais VALUES (207, 'Canad', false);
INSERT INTO public.pais VALUES (208, 'Mayotte', false);
INSERT INTO public.pais VALUES (209, 'Polinesia Francesa', false);
INSERT INTO public.pais VALUES (210, 'San Vicente y las Granadinas', false);
INSERT INTO public.pais VALUES (211, 'Suecia', false);
INSERT INTO public.pais VALUES (212, 'Islas Salomn', false);
INSERT INTO public.pais VALUES (213, 'Mauritania', false);
INSERT INTO public.pais VALUES (214, 'Albania', false);
INSERT INTO public.pais VALUES (215, 'Islas Cook', false);
INSERT INTO public.pais VALUES (216, 'Italia', false);
INSERT INTO public.pais VALUES (217, 'Repblica Popular Democrtica de Corea', false);
INSERT INTO public.pais VALUES (218, 'Jamahiriya Arabe de Libia', false);
INSERT INTO public.pais VALUES (219, 'Uganda', false);
INSERT INTO public.pais VALUES (220, 'Omn', false);
INSERT INTO public.pais VALUES (221, 'Antigua y Barbuda', false);
INSERT INTO public.pais VALUES (222, 'Chile', false);
INSERT INTO public.pais VALUES (223, 'Belice', false);
INSERT INTO public.pais VALUES (224, 'Mal', false);
INSERT INTO public.pais VALUES (225, 'Australia', false);
INSERT INTO public.pais VALUES (226, 'Guam', false);
INSERT INTO public.pais VALUES (227, 'Camboya', false);
INSERT INTO public.pais VALUES (228, 'Viet Nam', false);
INSERT INTO public.pais VALUES (229, 'Niue', false);
INSERT INTO public.pais VALUES (230, 'Tonga', false);
INSERT INTO public.pais VALUES (231, 'San Marino', false);
INSERT INTO public.pais VALUES (232, 'Per', false);
INSERT INTO public.pais VALUES (233, 'Eslovenia', false);
INSERT INTO public.pais VALUES (234, 'Bulgaria', false);
INSERT INTO public.pais VALUES (235, 'No Especificado', false);
INSERT INTO public.pais VALUES (236, 'Curazao', false);
INSERT INTO public.pais VALUES (237, 'Sint Marteen (parte Holandesa)', false);
INSERT INTO public.pais VALUES (238, 'Donaire, Saint Eustatius y Saba', false);
INSERT INTO public.pais VALUES (239, 'Saint-Bartolom', false);
INSERT INTO public.pais VALUES (134, 'Afganistn', false);


--
-- TOC entry 3878 (class 0 OID 16622)
-- Dependencies: 291
-- Data for Name: planestudio; Type: TABLE DATA; Schema: public; Owner: postgres
--

INSERT INTO public.planestudio VALUES (1, 'Plan Estudio de Ingeniera Informtica', true, false, 3, 1, '2023-2024', 'Plan de Estudio D');
INSERT INTO public.planestudio VALUES (2, '', true, false, 1, 2, '2023-2024', 'Plan de Estudio D');


--
-- TOC entry 3879 (class 0 OID 16628)
-- Dependencies: 292
-- Data for Name: procedencia_escolar; Type: TABLE DATA; Schema: public; Owner: postgres
--

INSERT INTO public.procedencia_escolar VALUES (1, 'Preuniversitario', false);
INSERT INTO public.procedencia_escolar VALUES (2, 'Enseanza Tcnica y Profesional', false);
INSERT INTO public.procedencia_escolar VALUES (3, 'FOC', false);
INSERT INTO public.procedencia_escolar VALUES (4, 'Estudios en el extranjero', false);
INSERT INTO public.procedencia_escolar VALUES (5, 'Curso de Superacin Integral para Jvenes', false);
INSERT INTO public.procedencia_escolar VALUES (6, 'Nivelacin Orden 18', false);
INSERT INTO public.procedencia_escolar VALUES (7, 'Escuela Emergente', false);


--
-- TOC entry 3880 (class 0 OID 16632)
-- Dependencies: 293
-- Data for Name: provincia; Type: TABLE DATA; Schema: public; Owner: postgres
--

INSERT INTO public.provincia VALUES (-1, -1, '', false);
INSERT INTO public.provincia VALUES (2, 1, 'Mayabeque', false);
INSERT INTO public.provincia VALUES (3, 1, 'Pinar del Ro', false);
INSERT INTO public.provincia VALUES (4, 1, 'La Habana', false);
INSERT INTO public.provincia VALUES (5, 1, 'Matanzas', false);
INSERT INTO public.provincia VALUES (6, 1, 'Villa Clara', false);
INSERT INTO public.provincia VALUES (7, 1, 'Cienfuegos', false);
INSERT INTO public.provincia VALUES (8, 1, 'Santis Spritus', false);
INSERT INTO public.provincia VALUES (9, 1, 'Ciego de Avila', false);
INSERT INTO public.provincia VALUES (10, 1, 'Camagey', false);
INSERT INTO public.provincia VALUES (11, 1, 'Las Tunas', false);
INSERT INTO public.provincia VALUES (12, 1, 'Holgun', false);
INSERT INTO public.provincia VALUES (13, 1, 'Granma', false);
INSERT INTO public.provincia VALUES (14, 1, 'Santiago de Cuba', false);
INSERT INTO public.provincia VALUES (15, 1, 'Guantnamo', false);
INSERT INTO public.provincia VALUES (16, 1, 'Isla de la Juventud', false);
INSERT INTO public.provincia VALUES (1, 1, 'Artemisa', false);


--
-- TOC entry 3881 (class 0 OID 16636)
-- Dependencies: 294
-- Data for Name: sexo; Type: TABLE DATA; Schema: public; Owner: postgres
--

INSERT INTO public.sexo VALUES (1, 'Femenino', false);
INSERT INTO public.sexo VALUES (2, 'Masculino', false);


--
-- TOC entry 3882 (class 0 OID 16640)
-- Dependencies: 295
-- Data for Name: sindicato; Type: TABLE DATA; Schema: public; Owner: postgres
--

INSERT INTO public.sindicato VALUES (1, 'Sindicato Nacional de los Trabajadores Civiles de la Defensa', false);
INSERT INTO public.sindicato VALUES (2, 'Sindicato Nacional de los Trabajadores del Comercio y la Gastronoma', false);
INSERT INTO public.sindicato VALUES (3, 'Sindicato Nacional de los Trabajadores de las Comunicaciones', false);
INSERT INTO public.sindicato VALUES (4, 'Sindicato Nacional de los Trabajadores de la Construccin', false);
INSERT INTO public.sindicato VALUES (5, 'Sindicato Nacional de los Trabajadores de la Cultura', false);
INSERT INTO public.sindicato VALUES (6, 'Sindicato Nacional de los Trabajadores de la Educacin y el Deporte', false);
INSERT INTO public.sindicato VALUES (7, 'Sindicato Nacional de los Trabajadores de la Industria Alimenticia', false);
INSERT INTO public.sindicato VALUES (8, 'Sindicato Nacional de los Trabajadores de la Industria Ligera', false);
INSERT INTO public.sindicato VALUES (9, 'Sindicato Nacional de los Trabajadores de la Industria Qumico - Minero - Energtica', false);
INSERT INTO public.sindicato VALUES (10, 'Sindicato Nacional de los Trabajadores de la Marina Mercante, Puertos y Pesca', false);
INSERT INTO public.sindicato VALUES (11, 'Sindicato Nacional de los Trabajadores Metalrgicos y Electrnicos', false);
INSERT INTO public.sindicato VALUES (12, 'Sindicato Nacional de los Trabajadores de la Salud', false);
INSERT INTO public.sindicato VALUES (13, 'Sindicato Nacional de los Trabajadores Tabacaleros', false);
INSERT INTO public.sindicato VALUES (14, 'Sindicato Nacional de los Trabajadores del Transporte', false);
INSERT INTO public.sindicato VALUES (15, 'Sindicato Nacional de los Trabajadores del Turismo', false);
INSERT INTO public.sindicato VALUES (16, 'Sindicato Nacional de los Trabajadores de las Ciencias', false);
INSERT INTO public.sindicato VALUES (17, 'Sindicato Nacional de los Trabajadores Azucareros', false);
INSERT INTO public.sindicato VALUES (18, 'Sindicato Nacional de los Trabajadores Agropecuarios y Forestales', false);
INSERT INTO public.sindicato VALUES (19, 'Sindicato Nacional de los Trabajadores de la Administracin Pblica', false);
INSERT INTO public.sindicato VALUES (20, 'Desconocido', false);


--
-- TOC entry 3883 (class 0 OID 16644)
-- Dependencies: 296
-- Data for Name: tipo_asignatura; Type: TABLE DATA; Schema: public; Owner: postgres
--

INSERT INTO public.tipo_asignatura VALUES (1, 'Bsica', false);
INSERT INTO public.tipo_asignatura VALUES (2, 'Obligatoria', false);
INSERT INTO public.tipo_asignatura VALUES (3, 'Optativa', false);
INSERT INTO public.tipo_asignatura VALUES (4, 'Electiva', false);


--
-- TOC entry 3884 (class 0 OID 16648)
-- Dependencies: 297
-- Data for Name: tipo_baja; Type: TABLE DATA; Schema: public; Owner: postgres
--

INSERT INTO public.tipo_baja VALUES (1, 'Temporal', false);
INSERT INTO public.tipo_baja VALUES (2, 'Permanente', false);


--
-- TOC entry 3885 (class 0 OID 16652)
-- Dependencies: 298
-- Data for Name: tipo_evaluacion; Type: TABLE DATA; Schema: public; Owner: postgres
--

INSERT INTO public.tipo_evaluacion VALUES (1, 'Examen Final', false);
INSERT INTO public.tipo_evaluacion VALUES (2, 'Trabajo de Curso', false);
INSERT INTO public.tipo_evaluacion VALUES (3, 'Desempeo', false);


--
-- TOC entry 3886 (class 0 OID 16656)
-- Dependencies: 299
-- Data for Name: tipo_militar; Type: TABLE DATA; Schema: public; Owner: postgres
--

INSERT INTO public.tipo_militar VALUES (2, 'Militar escondido', false);
INSERT INTO public.tipo_militar VALUES (1, 'Militar traidor', false);


--
-- TOC entry 3887 (class 0 OID 16660)
-- Dependencies: 300
-- Data for Name: tipoplanestudio; Type: TABLE DATA; Schema: public; Owner: postgres
--

INSERT INTO public.tipoplanestudio VALUES ('Plan de Estudio D', false, false);


--
-- TOC entry 3888 (class 0 OID 16663)
-- Dependencies: 301
-- Data for Name: tutor; Type: TABLE DATA; Schema: public; Owner: postgres
--

INSERT INTO public.tutor VALUES (1, 'Leyanys Guerra Mndez', '', 4000, 4, 3, 10, false, 1, '94091027302');
INSERT INTO public.tutor VALUES (2, 'Gabriel Alexis Prez Viciedo', '', 18000, 4, 4, 10, false, 2, '94091027302');
INSERT INTO public.tutor VALUES (3, 'Yuliet', '', 18000, 4, 3, 10, false, 1, '98061804576');
INSERT INTO public.tutor VALUES (4, 'Lazaro', '', 4000, 4, 3, 10, false, 2, '98061804576');
INSERT INTO public.tutor VALUES (34, 'Zara', '', 0, 4, 2, 6, false, 1, '95052501457');
INSERT INTO public.tutor VALUES (35, 'Felipe', '', 0, 4, 2, 6, false, 2, '95052501457');
INSERT INTO public.tutor VALUES (36, 'asd', '', 0, 4, 2, 6, false, 1, '91141525454');
INSERT INTO public.tutor VALUES (37, 'asd', '', 0, 4, 2, 6, false, 2, '91141525454');


--
-- TOC entry 3889 (class 0 OID 16669)
-- Dependencies: 302
-- Data for Name: universidad; Type: TABLE DATA; Schema: public; Owner: postgres
--

INSERT INTO public.universidad VALUES ('', '', '', '', '', '', '', '', '', '', false, -1);
INSERT INTO public.universidad VALUES ('223.0.06815', 'UNIVERSIDAD AGRARIA DE LA HABANA "FRUCTUOSO RODRGUEZ PREZ"', 'UNAH', 'Docente - investigacin', '47-86-33-95', 'Ministerio de Educacin Superior', '47-86-33-95', 'Antihus Alexander', 'Vladimir Torres', 'Carretera de Tapaste y 8 Vas', false, 88);


--
-- TOC entry 3890 (class 0 OID 16674)
-- Dependencies: 303
-- Data for Name: users; Type: TABLE DATA; Schema: public; Owner: postgres
--

INSERT INTO public.users VALUES ('gabrielpg', '94091027302', 'Gabriel Alberto', 'Prez', 'Guerra', 'gabrielpga20@gmail.com', '$2y$10$6d1yqT9FBkBl/F/LulZgRu3ySqyE8VwCoPvq4k7O2YGsHjXVLZsI6', true, 'Usuario de Gabriel');
INSERT INTO public.users VALUES ('ead', '12345678912', 'Educacion a Distancia', 'Eduacion a Distancia', 'Eduacion a Distancia', 'ead@ead.cu', '$2a$10$l1Zub0nnhxtNj4oispoetu4yuT3aA/GkCmG8Uu0THEGAPLZdfFzry', true, 'Usuario autogenerado');


--
-- TOC entry 3929 (class 0 OID 0)
-- Dependencies: 214
-- Name: asignatura_asignatura_id_seq; Type: SEQUENCE SET; Schema: public; Owner: postgres
--

SELECT pg_catalog.setval('public.asignatura_asignatura_id_seq', 3, true);


--
-- TOC entry 3930 (class 0 OID 0)
-- Dependencies: 215
-- Name: carrera_idcarrera_seq; Type: SEQUENCE SET; Schema: public; Owner: postgres
--

SELECT pg_catalog.setval('public.carrera_idcarrera_seq', 2, true);


--
-- TOC entry 3931 (class 0 OID 0)
-- Dependencies: 216
-- Name: carreranacional_idcarreranacional_seq; Type: SEQUENCE SET; Schema: public; Owner: postgres
--

SELECT pg_catalog.setval('public.carreranacional_idcarreranacional_seq', 180, true);


--
-- TOC entry 3932 (class 0 OID 0)
-- Dependencies: 217
-- Name: color_piel_color_piel_id_seq; Type: SEQUENCE SET; Schema: public; Owner: postgres
--

SELECT pg_catalog.setval('public.color_piel_color_piel_id_seq', 4, true);


--
-- TOC entry 3933 (class 0 OID 0)
-- Dependencies: 218
-- Name: especialidad_idespecialidad_seq; Type: SEQUENCE SET; Schema: public; Owner: postgres
--

SELECT pg_catalog.setval('public.especialidad_idespecialidad_seq', 12, true);


--
-- TOC entry 3934 (class 0 OID 0)
-- Dependencies: 219
-- Name: especialidad_militar_especialidad_militar_id_seq; Type: SEQUENCE SET; Schema: public; Owner: postgres
--

SELECT pg_catalog.setval('public.especialidad_militar_especialidad_militar_id_seq', 5, true);


--
-- TOC entry 3935 (class 0 OID 0)
-- Dependencies: 220
-- Name: estado_civil_estado_civil_id_seq; Type: SEQUENCE SET; Schema: public; Owner: postgres
--

SELECT pg_catalog.setval('public.estado_civil_estado_civil_id_seq', 6, true);


--
-- TOC entry 3936 (class 0 OID 0)
-- Dependencies: 221
-- Name: estado_estudiante_estado_estuciante_id_seq; Type: SEQUENCE SET; Schema: public; Owner: postgres
--

SELECT pg_catalog.setval('public.estado_estudiante_estado_estuciante_id_seq', 6, true);


--
-- TOC entry 3937 (class 0 OID 0)
-- Dependencies: 222
-- Name: examen_examen_id_seq; Type: SEQUENCE SET; Schema: public; Owner: postgres
--

SELECT pg_catalog.setval('public.examen_examen_id_seq', 3, true);


--
-- TOC entry 3938 (class 0 OID 0)
-- Dependencies: 223
-- Name: fuente_ingreso_fuente_ingreso_id_seq; Type: SEQUENCE SET; Schema: public; Owner: postgres
--

SELECT pg_catalog.setval('public.fuente_ingreso_fuente_ingreso_id_seq', 16, true);


--
-- TOC entry 3939 (class 0 OID 0)
-- Dependencies: 224
-- Name: grado_militar_grado_militar_id_seq; Type: SEQUENCE SET; Schema: public; Owner: postgres
--

SELECT pg_catalog.setval('public.grado_militar_grado_militar_id_seq', 5, true);


--
-- TOC entry 3940 (class 0 OID 0)
-- Dependencies: 225
-- Name: huerfano_huerfano_id_seq; Type: SEQUENCE SET; Schema: public; Owner: postgres
--

SELECT pg_catalog.setval('public.huerfano_huerfano_id_seq', 4, true);


--
-- TOC entry 3941 (class 0 OID 0)
-- Dependencies: 226
-- Name: matricula_matricula_id_seq; Type: SEQUENCE SET; Schema: public; Owner: postgres
--

SELECT pg_catalog.setval('public.matricula_matricula_id_seq', 1, true);


--
-- TOC entry 3942 (class 0 OID 0)
-- Dependencies: 227
-- Name: minusvalia_minusvalia_id_seq; Type: SEQUENCE SET; Schema: public; Owner: postgres
--

SELECT pg_catalog.setval('public.minusvalia_minusvalia_id_seq', 12, true);


--
-- TOC entry 3943 (class 0 OID 0)
-- Dependencies: 228
-- Name: motivo_baja_id_motivo_baja_seq; Type: SEQUENCE SET; Schema: public; Owner: postgres
--

SELECT pg_catalog.setval('public.motivo_baja_id_motivo_baja_seq', 9, true);


--
-- TOC entry 3944 (class 0 OID 0)
-- Dependencies: 229
-- Name: municipio_idmunicipio_seq; Type: SEQUENCE SET; Schema: public; Owner: postgres
--

SELECT pg_catalog.setval('public.municipio_idmunicipio_seq', 168, true);


--
-- TOC entry 3945 (class 0 OID 0)
-- Dependencies: 230
-- Name: nivel_escolar_nivel_escolar_id_seq; Type: SEQUENCE SET; Schema: public; Owner: postgres
--

SELECT pg_catalog.setval('public.nivel_escolar_nivel_escolar_id_seq', 5, true);


--
-- TOC entry 3946 (class 0 OID 0)
-- Dependencies: 231
-- Name: ocupacion_ocupacion_id_seq; Type: SEQUENCE SET; Schema: public; Owner: postgres
--

SELECT pg_catalog.setval('public.ocupacion_ocupacion_id_seq', 13, true);


--
-- TOC entry 3947 (class 0 OID 0)
-- Dependencies: 232
-- Name: ong_ong_id_seq; Type: SEQUENCE SET; Schema: public; Owner: postgres
--

SELECT pg_catalog.setval('public.ong_ong_id_seq', 1, false);


--
-- TOC entry 3948 (class 0 OID 0)
-- Dependencies: 233
-- Name: organismo_idorganismo_seq; Type: SEQUENCE SET; Schema: public; Owner: postgres
--

SELECT pg_catalog.setval('public.organismo_idorganismo_seq', 47, true);


--
-- TOC entry 3949 (class 0 OID 0)
-- Dependencies: 234
-- Name: organizacion_politica_organizacion_politica_id_seq; Type: SEQUENCE SET; Schema: public; Owner: postgres
--

SELECT pg_catalog.setval('public.organizacion_politica_organizacion_politica_id_seq', 4, true);


--
-- TOC entry 3950 (class 0 OID 0)
-- Dependencies: 235
-- Name: organizacion_popular_organizacion_popular_id_seq; Type: SEQUENCE SET; Schema: public; Owner: postgres
--

SELECT pg_catalog.setval('public.organizacion_popular_organizacion_popular_id_seq', 2, true);


--
-- TOC entry 3951 (class 0 OID 0)
-- Dependencies: 236
-- Name: pais_idpais_seq; Type: SEQUENCE SET; Schema: public; Owner: postgres
--

SELECT pg_catalog.setval('public.pais_idpais_seq', 239, true);


--
-- TOC entry 3952 (class 0 OID 0)
-- Dependencies: 237
-- Name: planestudio_idplanestudio_seq; Type: SEQUENCE SET; Schema: public; Owner: postgres
--

SELECT pg_catalog.setval('public.planestudio_idplanestudio_seq', 2, true);


--
-- TOC entry 3953 (class 0 OID 0)
-- Dependencies: 238
-- Name: procedencia_escolar_procedencia_escolar_id_seq; Type: SEQUENCE SET; Schema: public; Owner: postgres
--

SELECT pg_catalog.setval('public.procedencia_escolar_procedencia_escolar_id_seq', 7, true);


--
-- TOC entry 3954 (class 0 OID 0)
-- Dependencies: 239
-- Name: provincia_idprovincia_seq; Type: SEQUENCE SET; Schema: public; Owner: postgres
--

SELECT pg_catalog.setval('public.provincia_idprovincia_seq', 16, true);


--
-- TOC entry 3955 (class 0 OID 0)
-- Dependencies: 240
-- Name: sexo_sexo_id_seq; Type: SEQUENCE SET; Schema: public; Owner: postgres
--

SELECT pg_catalog.setval('public.sexo_sexo_id_seq', 2, true);


--
-- TOC entry 3956 (class 0 OID 0)
-- Dependencies: 241
-- Name: sindicato_idsindicato_seq; Type: SEQUENCE SET; Schema: public; Owner: postgres
--

SELECT pg_catalog.setval('public.sindicato_idsindicato_seq', 20, true);


--
-- TOC entry 3957 (class 0 OID 0)
-- Dependencies: 242
-- Name: tipo_asignatura_tipo_asignatura_id_seq; Type: SEQUENCE SET; Schema: public; Owner: postgres
--

SELECT pg_catalog.setval('public.tipo_asignatura_tipo_asignatura_id_seq', 4, true);


--
-- TOC entry 3958 (class 0 OID 0)
-- Dependencies: 243
-- Name: tipo_baja_id_tipo_baja_seq; Type: SEQUENCE SET; Schema: public; Owner: postgres
--

SELECT pg_catalog.setval('public.tipo_baja_id_tipo_baja_seq', 2, true);


--
-- TOC entry 3959 (class 0 OID 0)
-- Dependencies: 244
-- Name: tipo_evaluacion_tipo_evaluacion_id_seq; Type: SEQUENCE SET; Schema: public; Owner: postgres
--

SELECT pg_catalog.setval('public.tipo_evaluacion_tipo_evaluacion_id_seq', 3, true);


--
-- TOC entry 3960 (class 0 OID 0)
-- Dependencies: 245
-- Name: tipo_militar_id_tipo_militar_seq; Type: SEQUENCE SET; Schema: public; Owner: postgres
--

SELECT pg_catalog.setval('public.tipo_militar_id_tipo_militar_seq', 1, false);


--
-- TOC entry 3961 (class 0 OID 0)
-- Dependencies: 246
-- Name: tutor_tutor_id_seq; Type: SEQUENCE SET; Schema: public; Owner: postgres
--

SELECT pg_catalog.setval('public.tutor_tutor_id_seq', 37, true);


--
-- TOC entry 3466 (class 2606 OID 16682)
-- Name: asignatura_asignatura asignatura_asignatura_pkey; Type: CONSTRAINT; Schema: public; Owner: postgres
--

ALTER TABLE ONLY public.asignatura_asignatura
    ADD CONSTRAINT asignatura_asignatura_pkey PRIMARY KEY (asignatura_precedente, asignatura_dependiente);


--
-- TOC entry 3464 (class 2606 OID 16680)
-- Name: asignatura asignatura_pkey; Type: CONSTRAINT; Schema: public; Owner: postgres
--

ALTER TABLE ONLY public.asignatura
    ADD CONSTRAINT asignatura_pkey PRIMARY KEY (asignatura_id);


--
-- TOC entry 3468 (class 2606 OID 16684)
-- Name: authorities authorities_pkey; Type: CONSTRAINT; Schema: public; Owner: postgres
--

ALTER TABLE ONLY public.authorities
    ADD CONSTRAINT authorities_pkey PRIMARY KEY (username, authority);


--
-- TOC entry 3470 (class 2606 OID 16686)
-- Name: baja baja_pkey; Type: CONSTRAINT; Schema: public; Owner: postgres
--

ALTER TABLE ONLY public.baja
    ADD CONSTRAINT baja_pkey PRIMARY KEY (tipo_bajaid_tipo_baja, motivo_bajaid_motivo_baja, fecha, cursoidcurso, codigocum, codigoarea, idcarrera, estudiante_id, fecha_matricula);


--
-- TOC entry 3474 (class 2606 OID 16690)
-- Name: carrera_curso carrera_curso_pkey; Type: CONSTRAINT; Schema: public; Owner: postgres
--

ALTER TABLE ONLY public.carrera_curso
    ADD CONSTRAINT carrera_curso_pkey PRIMARY KEY (carreraidcarrera, cursoidcurso);


--
-- TOC entry 3472 (class 2606 OID 16688)
-- Name: carrera carrera_pkey; Type: CONSTRAINT; Schema: public; Owner: postgres
--

ALTER TABLE ONLY public.carrera
    ADD CONSTRAINT carrera_pkey PRIMARY KEY (idcarrera);


--
-- TOC entry 3476 (class 2606 OID 16692)
-- Name: carreranacional carreranacional_pkey; Type: CONSTRAINT; Schema: public; Owner: postgres
--

ALTER TABLE ONLY public.carreranacional
    ADD CONSTRAINT carreranacional_pkey PRIMARY KEY (idcarreranacional);


--
-- TOC entry 3478 (class 2606 OID 16694)
-- Name: color_piel color_piel_pkey; Type: CONSTRAINT; Schema: public; Owner: postgres
--

ALTER TABLE ONLY public.color_piel
    ADD CONSTRAINT color_piel_pkey PRIMARY KEY (color_piel_id);


--
-- TOC entry 3482 (class 2606 OID 16698)
-- Name: cum_authorities cum_authorities_pkey; Type: CONSTRAINT; Schema: public; Owner: postgres
--

ALTER TABLE ONLY public.cum_authorities
    ADD CONSTRAINT cum_authorities_pkey PRIMARY KEY (cumcodigocum, authoritiesusername, authoritiesauthority);


--
-- TOC entry 3480 (class 2606 OID 16696)
-- Name: cum cum_pkey; Type: CONSTRAINT; Schema: public; Owner: postgres
--

ALTER TABLE ONLY public.cum
    ADD CONSTRAINT cum_pkey PRIMARY KEY (codigocum);


--
-- TOC entry 3484 (class 2606 OID 16700)
-- Name: curso curso_pkey; Type: CONSTRAINT; Schema: public; Owner: postgres
--

ALTER TABLE ONLY public.curso
    ADD CONSTRAINT curso_pkey PRIMARY KEY (idcurso);


--
-- TOC entry 3486 (class 2606 OID 16702)
-- Name: disciplina disciplina_pkey; Type: CONSTRAINT; Schema: public; Owner: postgres
--

ALTER TABLE ONLY public.disciplina
    ADD CONSTRAINT disciplina_pkey PRIMARY KEY (disciplina_codigo);


--
-- TOC entry 3488 (class 2606 OID 16704)
-- Name: disciplina_planestudio disciplina_planestudio_pkey; Type: CONSTRAINT; Schema: public; Owner: postgres
--

ALTER TABLE ONLY public.disciplina_planestudio
    ADD CONSTRAINT disciplina_planestudio_pkey PRIMARY KEY (disciplinadisciplina_codigo, planestudioidplanestudio);


--
-- TOC entry 3492 (class 2606 OID 16708)
-- Name: especialidad_militar especialidad_militar_pkey; Type: CONSTRAINT; Schema: public; Owner: postgres
--

ALTER TABLE ONLY public.especialidad_militar
    ADD CONSTRAINT especialidad_militar_pkey PRIMARY KEY (especialidad_militar_id);


--
-- TOC entry 3490 (class 2606 OID 16706)
-- Name: especialidad especialidad_pkey; Type: CONSTRAINT; Schema: public; Owner: postgres
--

ALTER TABLE ONLY public.especialidad
    ADD CONSTRAINT especialidad_pkey PRIMARY KEY (idespecialidad);


--
-- TOC entry 3494 (class 2606 OID 16710)
-- Name: estado_civil estado_civil_pkey; Type: CONSTRAINT; Schema: public; Owner: postgres
--

ALTER TABLE ONLY public.estado_civil
    ADD CONSTRAINT estado_civil_pkey PRIMARY KEY (estado_civil_id);


--
-- TOC entry 3496 (class 2606 OID 16712)
-- Name: estado_estudiante estado_estudiante_pkey; Type: CONSTRAINT; Schema: public; Owner: postgres
--

ALTER TABLE ONLY public.estado_estudiante
    ADD CONSTRAINT estado_estudiante_pkey PRIMARY KEY (estado_estuciante_id);


--
-- TOC entry 3498 (class 2606 OID 16714)
-- Name: estudiante estudiante_pkey; Type: CONSTRAINT; Schema: public; Owner: postgres
--

ALTER TABLE ONLY public.estudiante
    ADD CONSTRAINT estudiante_pkey PRIMARY KEY (estudiante_id);


--
-- TOC entry 3502 (class 2606 OID 16718)
-- Name: examen_matricula_facultad_cum_carrera_estudiante_asignatura examen_matricula_facultad_cum_carrera_estudiante_asignatur_pkey; Type: CONSTRAINT; Schema: public; Owner: postgres
--

ALTER TABLE ONLY public.examen_matricula_facultad_cum_carrera_estudiante_asignatura
    ADD CONSTRAINT examen_matricula_facultad_cum_carrera_estudiante_asignatur_pkey PRIMARY KEY (examenexamen_id, matricula_id, codigocum, codigoarea, idcarrera, estudiante_id, fecha_matricula, asignatura_id);


--
-- TOC entry 3500 (class 2606 OID 16716)
-- Name: examen examen_pkey; Type: CONSTRAINT; Schema: public; Owner: postgres
--

ALTER TABLE ONLY public.examen
    ADD CONSTRAINT examen_pkey PRIMARY KEY (examen_id);


--
-- TOC entry 3506 (class 2606 OID 16722)
-- Name: facultad_authorities facultad_authorities_pkey; Type: CONSTRAINT; Schema: public; Owner: postgres
--

ALTER TABLE ONLY public.facultad_authorities
    ADD CONSTRAINT facultad_authorities_pkey PRIMARY KEY (facultadcodigoarea, authoritiesusername, authoritiesauthority);


--
-- TOC entry 3514 (class 2606 OID 16730)
-- Name: facultad_cum_carrera_estudiante_asignatura facultad_cum_carrera_estudiante_asignatura_pkey; Type: CONSTRAINT; Schema: public; Owner: postgres
--

ALTER TABLE ONLY public.facultad_cum_carrera_estudiante_asignatura
    ADD CONSTRAINT facultad_cum_carrera_estudiante_asignatura_pkey PRIMARY KEY (codigocum, codigoarea, idcarrera, estudiante_id, fecha_matricula, asignatura_id);


--
-- TOC entry 3512 (class 2606 OID 16728)
-- Name: facultad_cum_carrera_estudiante facultad_cum_carrera_estudiante_pkey; Type: CONSTRAINT; Schema: public; Owner: postgres
--

ALTER TABLE ONLY public.facultad_cum_carrera_estudiante
    ADD CONSTRAINT facultad_cum_carrera_estudiante_pkey PRIMARY KEY (facultad_cum_carrerafacultad_cumcumcodigocum, facultad_cum_carrerafacultad_cumfacultadcodigoarea, facultad_cum_carreracarreraidcarrera, estudianteestudiante_id, fecha_matricula);


--
-- TOC entry 3510 (class 2606 OID 16726)
-- Name: facultad_cum_carrera facultad_cum_carrera_pkey; Type: CONSTRAINT; Schema: public; Owner: postgres
--

ALTER TABLE ONLY public.facultad_cum_carrera
    ADD CONSTRAINT facultad_cum_carrera_pkey PRIMARY KEY (facultad_cumcumcodigocum, facultad_cumfacultadcodigoarea, carreraidcarrera);


--
-- TOC entry 3508 (class 2606 OID 16724)
-- Name: facultad_cum facultad_cum_pkey; Type: CONSTRAINT; Schema: public; Owner: postgres
--

ALTER TABLE ONLY public.facultad_cum
    ADD CONSTRAINT facultad_cum_pkey PRIMARY KEY (cumcodigocum, facultadcodigoarea);


--
-- TOC entry 3504 (class 2606 OID 16720)
-- Name: facultad facultad_pkey; Type: CONSTRAINT; Schema: public; Owner: postgres
--

ALTER TABLE ONLY public.facultad
    ADD CONSTRAINT facultad_pkey PRIMARY KEY (codigoarea);


--
-- TOC entry 3516 (class 2606 OID 16732)
-- Name: fuente_ingreso fuente_ingreso_pkey; Type: CONSTRAINT; Schema: public; Owner: postgres
--

ALTER TABLE ONLY public.fuente_ingreso
    ADD CONSTRAINT fuente_ingreso_pkey PRIMARY KEY (fuente_ingreso_id);


--
-- TOC entry 3518 (class 2606 OID 16734)
-- Name: grado_militar grado_militar_pkey; Type: CONSTRAINT; Schema: public; Owner: postgres
--

ALTER TABLE ONLY public.grado_militar
    ADD CONSTRAINT grado_militar_pkey PRIMARY KEY (grado_militar_id);


--
-- TOC entry 3520 (class 2606 OID 16736)
-- Name: huerfano huerfano_pkey; Type: CONSTRAINT; Schema: public; Owner: postgres
--

ALTER TABLE ONLY public.huerfano
    ADD CONSTRAINT huerfano_pkey PRIMARY KEY (huerfano_id);


--
-- TOC entry 3524 (class 2606 OID 16740)
-- Name: matricula_facultad_cum_carrera_estudiante_asignatura matricula_facultad_cum_carrera_estudiante_asignatura_pkey; Type: CONSTRAINT; Schema: public; Owner: postgres
--

ALTER TABLE ONLY public.matricula_facultad_cum_carrera_estudiante_asignatura
    ADD CONSTRAINT matricula_facultad_cum_carrera_estudiante_asignatura_pkey PRIMARY KEY (matriculamatricula_id, codigocum, codigoarea, idcarrera, estudiante_id, fecha_matricula, asignatura_id);


--
-- TOC entry 3522 (class 2606 OID 16738)
-- Name: matricula matricula_pkey; Type: CONSTRAINT; Schema: public; Owner: postgres
--

ALTER TABLE ONLY public.matricula
    ADD CONSTRAINT matricula_pkey PRIMARY KEY (matricula_id);


--
-- TOC entry 3528 (class 2606 OID 16744)
-- Name: minusvalia_estudiante minusvalia_estudiante_pkey; Type: CONSTRAINT; Schema: public; Owner: postgres
--

ALTER TABLE ONLY public.minusvalia_estudiante
    ADD CONSTRAINT minusvalia_estudiante_pkey PRIMARY KEY (minusvaliaminusvalia_id, estudianteestudiante_id);


--
-- TOC entry 3526 (class 2606 OID 16742)
-- Name: minusvalia minusvalia_pkey; Type: CONSTRAINT; Schema: public; Owner: postgres
--

ALTER TABLE ONLY public.minusvalia
    ADD CONSTRAINT minusvalia_pkey PRIMARY KEY (minusvalia_id);


--
-- TOC entry 3530 (class 2606 OID 17104)
-- Name: motivo_baja motivo_baja_nombre_motivo_baja_key; Type: CONSTRAINT; Schema: public; Owner: postgres
--

ALTER TABLE ONLY public.motivo_baja
    ADD CONSTRAINT motivo_baja_nombre_motivo_baja_key UNIQUE (nombre_motivo_baja);


--
-- TOC entry 3532 (class 2606 OID 16746)
-- Name: motivo_baja motivo_baja_pkey; Type: CONSTRAINT; Schema: public; Owner: postgres
--

ALTER TABLE ONLY public.motivo_baja
    ADD CONSTRAINT motivo_baja_pkey PRIMARY KEY (id_motivo_baja);


--
-- TOC entry 3534 (class 2606 OID 16748)
-- Name: municipio municipio_pkey; Type: CONSTRAINT; Schema: public; Owner: postgres
--

ALTER TABLE ONLY public.municipio
    ADD CONSTRAINT municipio_pkey PRIMARY KEY (idmunicipio);


--
-- TOC entry 3536 (class 2606 OID 16750)
-- Name: nivel_escolar nivel_escolar_pkey; Type: CONSTRAINT; Schema: public; Owner: postgres
--

ALTER TABLE ONLY public.nivel_escolar
    ADD CONSTRAINT nivel_escolar_pkey PRIMARY KEY (nivel_escolar_id);


--
-- TOC entry 3538 (class 2606 OID 16752)
-- Name: ocupacion ocupacion_pkey; Type: CONSTRAINT; Schema: public; Owner: postgres
--

ALTER TABLE ONLY public.ocupacion
    ADD CONSTRAINT ocupacion_pkey PRIMARY KEY (ocupacion_id);


--
-- TOC entry 3542 (class 2606 OID 16756)
-- Name: ong_estudiante ong_estudiante_pkey; Type: CONSTRAINT; Schema: public; Owner: postgres
--

ALTER TABLE ONLY public.ong_estudiante
    ADD CONSTRAINT ong_estudiante_pkey PRIMARY KEY (ongong_id, estudianteestudiante_id);


--
-- TOC entry 3540 (class 2606 OID 16754)
-- Name: ong ong_pkey; Type: CONSTRAINT; Schema: public; Owner: postgres
--

ALTER TABLE ONLY public.ong
    ADD CONSTRAINT ong_pkey PRIMARY KEY (ong_id);


--
-- TOC entry 3544 (class 2606 OID 16758)
-- Name: organismo organismo_pkey; Type: CONSTRAINT; Schema: public; Owner: postgres
--

ALTER TABLE ONLY public.organismo
    ADD CONSTRAINT organismo_pkey PRIMARY KEY (idorganismo);


--
-- TOC entry 3546 (class 2606 OID 16760)
-- Name: organizacion_politica organizacion_politica_pkey; Type: CONSTRAINT; Schema: public; Owner: postgres
--

ALTER TABLE ONLY public.organizacion_politica
    ADD CONSTRAINT organizacion_politica_pkey PRIMARY KEY (organizacion_politica_id);


--
-- TOC entry 3550 (class 2606 OID 16764)
-- Name: organizacion_popular_estudiante organizacion_popular_estudiante_pkey; Type: CONSTRAINT; Schema: public; Owner: postgres
--

ALTER TABLE ONLY public.organizacion_popular_estudiante
    ADD CONSTRAINT organizacion_popular_estudiante_pkey PRIMARY KEY (organizacion_popularorganizacion_popular_id, estudianteestudiante_id);


--
-- TOC entry 3548 (class 2606 OID 16762)
-- Name: organizacion_popular organizacion_popular_pkey; Type: CONSTRAINT; Schema: public; Owner: postgres
--

ALTER TABLE ONLY public.organizacion_popular
    ADD CONSTRAINT organizacion_popular_pkey PRIMARY KEY (organizacion_popular_id);


--
-- TOC entry 3552 (class 2606 OID 16766)
-- Name: pais pais_pkey; Type: CONSTRAINT; Schema: public; Owner: postgres
--

ALTER TABLE ONLY public.pais
    ADD CONSTRAINT pais_pkey PRIMARY KEY (idpais);


--
-- TOC entry 3554 (class 2606 OID 16768)
-- Name: planestudio planestudio_pkey; Type: CONSTRAINT; Schema: public; Owner: postgres
--

ALTER TABLE ONLY public.planestudio
    ADD CONSTRAINT planestudio_pkey PRIMARY KEY (idplanestudio);


--
-- TOC entry 3556 (class 2606 OID 16770)
-- Name: procedencia_escolar procedencia_escolar_pkey; Type: CONSTRAINT; Schema: public; Owner: postgres
--

ALTER TABLE ONLY public.procedencia_escolar
    ADD CONSTRAINT procedencia_escolar_pkey PRIMARY KEY (procedencia_escolar_id);


--
-- TOC entry 3558 (class 2606 OID 16772)
-- Name: provincia provincia_pkey; Type: CONSTRAINT; Schema: public; Owner: postgres
--

ALTER TABLE ONLY public.provincia
    ADD CONSTRAINT provincia_pkey PRIMARY KEY (idprovincia);


--
-- TOC entry 3560 (class 2606 OID 16774)
-- Name: sexo sexo_pkey; Type: CONSTRAINT; Schema: public; Owner: postgres
--

ALTER TABLE ONLY public.sexo
    ADD CONSTRAINT sexo_pkey PRIMARY KEY (sexo_id);


--
-- TOC entry 3562 (class 2606 OID 16776)
-- Name: sindicato sindicato_pkey; Type: CONSTRAINT; Schema: public; Owner: postgres
--

ALTER TABLE ONLY public.sindicato
    ADD CONSTRAINT sindicato_pkey PRIMARY KEY (idsindicato);


--
-- TOC entry 3564 (class 2606 OID 16778)
-- Name: tipo_asignatura tipo_asignatura_pkey; Type: CONSTRAINT; Schema: public; Owner: postgres
--

ALTER TABLE ONLY public.tipo_asignatura
    ADD CONSTRAINT tipo_asignatura_pkey PRIMARY KEY (tipo_asignatura_id);


--
-- TOC entry 3566 (class 2606 OID 17156)
-- Name: tipo_baja tipo_baja_nombre_tipo_baja_key; Type: CONSTRAINT; Schema: public; Owner: postgres
--

ALTER TABLE ONLY public.tipo_baja
    ADD CONSTRAINT tipo_baja_nombre_tipo_baja_key UNIQUE (nombre_tipo_baja);


--
-- TOC entry 3568 (class 2606 OID 16780)
-- Name: tipo_baja tipo_baja_pkey; Type: CONSTRAINT; Schema: public; Owner: postgres
--

ALTER TABLE ONLY public.tipo_baja
    ADD CONSTRAINT tipo_baja_pkey PRIMARY KEY (id_tipo_baja);


--
-- TOC entry 3570 (class 2606 OID 16782)
-- Name: tipo_evaluacion tipo_evaluacion_pkey; Type: CONSTRAINT; Schema: public; Owner: postgres
--

ALTER TABLE ONLY public.tipo_evaluacion
    ADD CONSTRAINT tipo_evaluacion_pkey PRIMARY KEY (tipo_evaluacion_id);


--
-- TOC entry 3572 (class 2606 OID 16784)
-- Name: tipo_militar tipo_militar_pkey; Type: CONSTRAINT; Schema: public; Owner: postgres
--

ALTER TABLE ONLY public.tipo_militar
    ADD CONSTRAINT tipo_militar_pkey PRIMARY KEY (id_tipo_militar);


--
-- TOC entry 3574 (class 2606 OID 16786)
-- Name: tipoplanestudio tipoplanestudio_pkey; Type: CONSTRAINT; Schema: public; Owner: postgres
--

ALTER TABLE ONLY public.tipoplanestudio
    ADD CONSTRAINT tipoplanestudio_pkey PRIMARY KEY (nombretipoplanestudio);


--
-- TOC entry 3576 (class 2606 OID 16788)
-- Name: tutor tutor_pkey; Type: CONSTRAINT; Schema: public; Owner: postgres
--

ALTER TABLE ONLY public.tutor
    ADD CONSTRAINT tutor_pkey PRIMARY KEY (tutor_id);


--
-- TOC entry 3578 (class 2606 OID 16790)
-- Name: universidad universidad_pkey; Type: CONSTRAINT; Schema: public; Owner: postgres
--

ALTER TABLE ONLY public.universidad
    ADD CONSTRAINT universidad_pkey PRIMARY KEY (codigouniversidad);


--
-- TOC entry 3580 (class 2606 OID 16792)
-- Name: users users_pkey; Type: CONSTRAINT; Schema: public; Owner: postgres
--

ALTER TABLE ONLY public.users
    ADD CONSTRAINT users_pkey PRIMARY KEY (username);


--
-- TOC entry 3584 (class 2606 OID 16808)
-- Name: asignatura_asignatura fkasignatura163686; Type: FK CONSTRAINT; Schema: public; Owner: postgres
--

ALTER TABLE ONLY public.asignatura_asignatura
    ADD CONSTRAINT fkasignatura163686 FOREIGN KEY (asignatura_precedente) REFERENCES public.asignatura(asignatura_id);


--
-- TOC entry 3581 (class 2606 OID 16793)
-- Name: asignatura fkasignatura228282; Type: FK CONSTRAINT; Schema: public; Owner: postgres
--

ALTER TABLE ONLY public.asignatura
    ADD CONSTRAINT fkasignatura228282 FOREIGN KEY (disciplina_codigo, disciplina_idplanestudio) REFERENCES public.disciplina_planestudio(disciplinadisciplina_codigo, planestudioidplanestudio);


--
-- TOC entry 3582 (class 2606 OID 16798)
-- Name: asignatura fkasignatura351447; Type: FK CONSTRAINT; Schema: public; Owner: postgres
--

ALTER TABLE ONLY public.asignatura
    ADD CONSTRAINT fkasignatura351447 FOREIGN KEY (tipo_evaluaciontipo_evaluacion_id) REFERENCES public.tipo_evaluacion(tipo_evaluacion_id);


--
-- TOC entry 3583 (class 2606 OID 16803)
-- Name: asignatura fkasignatura625114; Type: FK CONSTRAINT; Schema: public; Owner: postgres
--

ALTER TABLE ONLY public.asignatura
    ADD CONSTRAINT fkasignatura625114 FOREIGN KEY (tipo_asignaturatipo_asignatura_id) REFERENCES public.tipo_asignatura(tipo_asignatura_id);


--
-- TOC entry 3585 (class 2606 OID 16813)
-- Name: asignatura_asignatura fkasignatura804551; Type: FK CONSTRAINT; Schema: public; Owner: postgres
--

ALTER TABLE ONLY public.asignatura_asignatura
    ADD CONSTRAINT fkasignatura804551 FOREIGN KEY (asignatura_dependiente) REFERENCES public.asignatura(asignatura_id);


--
-- TOC entry 3586 (class 2606 OID 16818)
-- Name: authorities fkauthoritie560259; Type: FK CONSTRAINT; Schema: public; Owner: postgres
--

ALTER TABLE ONLY public.authorities
    ADD CONSTRAINT fkauthoritie560259 FOREIGN KEY (username) REFERENCES public.users(username);


--
-- TOC entry 3587 (class 2606 OID 16823)
-- Name: baja fkbaja382150; Type: FK CONSTRAINT; Schema: public; Owner: postgres
--

ALTER TABLE ONLY public.baja
    ADD CONSTRAINT fkbaja382150 FOREIGN KEY (codigocum, codigoarea, idcarrera, estudiante_id, fecha_matricula) REFERENCES public.facultad_cum_carrera_estudiante(facultad_cum_carrerafacultad_cumcumcodigocum, facultad_cum_carrerafacultad_cumfacultadcodigoarea, facultad_cum_carreracarreraidcarrera, estudianteestudiante_id, fecha_matricula);


--
-- TOC entry 3588 (class 2606 OID 16828)
-- Name: baja fkbaja520818; Type: FK CONSTRAINT; Schema: public; Owner: postgres
--

ALTER TABLE ONLY public.baja
    ADD CONSTRAINT fkbaja520818 FOREIGN KEY (tipo_bajaid_tipo_baja) REFERENCES public.tipo_baja(id_tipo_baja);


--
-- TOC entry 3589 (class 2606 OID 16833)
-- Name: baja fkbaja62319; Type: FK CONSTRAINT; Schema: public; Owner: postgres
--

ALTER TABLE ONLY public.baja
    ADD CONSTRAINT fkbaja62319 FOREIGN KEY (cursoidcurso) REFERENCES public.curso(idcurso);


--
-- TOC entry 3590 (class 2606 OID 16838)
-- Name: baja fkbaja727558; Type: FK CONSTRAINT; Schema: public; Owner: postgres
--

ALTER TABLE ONLY public.baja
    ADD CONSTRAINT fkbaja727558 FOREIGN KEY (motivo_bajaid_motivo_baja) REFERENCES public.motivo_baja(id_motivo_baja);


--
-- TOC entry 3591 (class 2606 OID 16843)
-- Name: carrera fkcarrera491981; Type: FK CONSTRAINT; Schema: public; Owner: postgres
--

ALTER TABLE ONLY public.carrera
    ADD CONSTRAINT fkcarrera491981 FOREIGN KEY (carreranacionalidcarreranacional) REFERENCES public.carreranacional(idcarreranacional);


--
-- TOC entry 3592 (class 2606 OID 16848)
-- Name: carrera fkcarrera714109; Type: FK CONSTRAINT; Schema: public; Owner: postgres
--

ALTER TABLE ONLY public.carrera
    ADD CONSTRAINT fkcarrera714109 FOREIGN KEY (facultadcodigoarea) REFERENCES public.facultad(codigoarea);


--
-- TOC entry 3593 (class 2606 OID 16853)
-- Name: carrera_curso fkcarrera_cu291604; Type: FK CONSTRAINT; Schema: public; Owner: postgres
--

ALTER TABLE ONLY public.carrera_curso
    ADD CONSTRAINT fkcarrera_cu291604 FOREIGN KEY (cursoidcurso) REFERENCES public.curso(idcurso);


--
-- TOC entry 3594 (class 2606 OID 16858)
-- Name: carrera_curso fkcarrera_cu990899; Type: FK CONSTRAINT; Schema: public; Owner: postgres
--

ALTER TABLE ONLY public.carrera_curso
    ADD CONSTRAINT fkcarrera_cu990899 FOREIGN KEY (carreraidcarrera) REFERENCES public.carrera(idcarrera);


--
-- TOC entry 3595 (class 2606 OID 16863)
-- Name: carreranacional fkcarreranac53856; Type: FK CONSTRAINT; Schema: public; Owner: postgres
--

ALTER TABLE ONLY public.carreranacional
    ADD CONSTRAINT fkcarreranac53856 FOREIGN KEY (especialidadidespecialidad) REFERENCES public.especialidad(idespecialidad);


--
-- TOC entry 3596 (class 2606 OID 16868)
-- Name: cum fkcum327402; Type: FK CONSTRAINT; Schema: public; Owner: postgres
--

ALTER TABLE ONLY public.cum
    ADD CONSTRAINT fkcum327402 FOREIGN KEY (municipioidmunicipio) REFERENCES public.municipio(idmunicipio);


--
-- TOC entry 3597 (class 2606 OID 16873)
-- Name: cum fkcum405627; Type: FK CONSTRAINT; Schema: public; Owner: postgres
--

ALTER TABLE ONLY public.cum
    ADD CONSTRAINT fkcum405627 FOREIGN KEY (universidadcodigouniversidad) REFERENCES public.universidad(codigouniversidad);


--
-- TOC entry 3598 (class 2606 OID 16878)
-- Name: cum_authorities fkcum_author527569; Type: FK CONSTRAINT; Schema: public; Owner: postgres
--

ALTER TABLE ONLY public.cum_authorities
    ADD CONSTRAINT fkcum_author527569 FOREIGN KEY (cumcodigocum) REFERENCES public.cum(codigocum);


--
-- TOC entry 3599 (class 2606 OID 16883)
-- Name: cum_authorities fkcum_author578109; Type: FK CONSTRAINT; Schema: public; Owner: postgres
--

ALTER TABLE ONLY public.cum_authorities
    ADD CONSTRAINT fkcum_author578109 FOREIGN KEY (authoritiesusername, authoritiesauthority) REFERENCES public.authorities(username, authority);


--
-- TOC entry 3600 (class 2606 OID 16888)
-- Name: curso fkcurso997976; Type: FK CONSTRAINT; Schema: public; Owner: postgres
--

ALTER TABLE ONLY public.curso
    ADD CONSTRAINT fkcurso997976 FOREIGN KEY (universidadcodigouniversidad) REFERENCES public.universidad(codigouniversidad);


--
-- TOC entry 3601 (class 2606 OID 16893)
-- Name: disciplina_planestudio fkdisciplina293100; Type: FK CONSTRAINT; Schema: public; Owner: postgres
--

ALTER TABLE ONLY public.disciplina_planestudio
    ADD CONSTRAINT fkdisciplina293100 FOREIGN KEY (planestudioidplanestudio) REFERENCES public.planestudio(idplanestudio);


--
-- TOC entry 3602 (class 2606 OID 16898)
-- Name: disciplina_planestudio fkdisciplina708767; Type: FK CONSTRAINT; Schema: public; Owner: postgres
--

ALTER TABLE ONLY public.disciplina_planestudio
    ADD CONSTRAINT fkdisciplina708767 FOREIGN KEY (disciplinadisciplina_codigo) REFERENCES public.disciplina(disciplina_codigo);


--
-- TOC entry 3603 (class 2606 OID 16903)
-- Name: estudiante fkestudiante113932; Type: FK CONSTRAINT; Schema: public; Owner: postgres
--

ALTER TABLE ONLY public.estudiante
    ADD CONSTRAINT fkestudiante113932 FOREIGN KEY (estado_civilestado_civil_id) REFERENCES public.estado_civil(estado_civil_id);


--
-- TOC entry 3604 (class 2606 OID 16908)
-- Name: estudiante fkestudiante137880; Type: FK CONSTRAINT; Schema: public; Owner: postgres
--

ALTER TABLE ONLY public.estudiante
    ADD CONSTRAINT fkestudiante137880 FOREIGN KEY (tipo_militarid_tipo_militar) REFERENCES public.tipo_militar(id_tipo_militar);


--
-- TOC entry 3605 (class 2606 OID 16913)
-- Name: estudiante fkestudiante28783; Type: FK CONSTRAINT; Schema: public; Owner: postgres
--

ALTER TABLE ONLY public.estudiante
    ADD CONSTRAINT fkestudiante28783 FOREIGN KEY (grado_militargrado_militar_id) REFERENCES public.grado_militar(grado_militar_id);


--
-- TOC entry 3606 (class 2606 OID 16918)
-- Name: estudiante fkestudiante322554; Type: FK CONSTRAINT; Schema: public; Owner: postgres
--

ALTER TABLE ONLY public.estudiante
    ADD CONSTRAINT fkestudiante322554 FOREIGN KEY (huerfanohuerfano_id) REFERENCES public.huerfano(huerfano_id);


--
-- TOC entry 3607 (class 2606 OID 16923)
-- Name: estudiante fkestudiante341969; Type: FK CONSTRAINT; Schema: public; Owner: postgres
--

ALTER TABLE ONLY public.estudiante
    ADD CONSTRAINT fkestudiante341969 FOREIGN KEY (paisidpais) REFERENCES public.pais(idpais);


--
-- TOC entry 3608 (class 2606 OID 16928)
-- Name: estudiante fkestudiante474778; Type: FK CONSTRAINT; Schema: public; Owner: postgres
--

ALTER TABLE ONLY public.estudiante
    ADD CONSTRAINT fkestudiante474778 FOREIGN KEY (nivel_escolarnivel_escolar_id) REFERENCES public.nivel_escolar(nivel_escolar_id);


--
-- TOC entry 3609 (class 2606 OID 16933)
-- Name: estudiante fkestudiante530374; Type: FK CONSTRAINT; Schema: public; Owner: postgres
--

ALTER TABLE ONLY public.estudiante
    ADD CONSTRAINT fkestudiante530374 FOREIGN KEY (municipioidmunicipiocentrotrabajo) REFERENCES public.municipio(idmunicipio);


--
-- TOC entry 3610 (class 2606 OID 16938)
-- Name: estudiante fkestudiante562687; Type: FK CONSTRAINT; Schema: public; Owner: postgres
--

ALTER TABLE ONLY public.estudiante
    ADD CONSTRAINT fkestudiante562687 FOREIGN KEY (organismoidorganismo) REFERENCES public.organismo(idorganismo);


--
-- TOC entry 3611 (class 2606 OID 16943)
-- Name: estudiante fkestudiante563040; Type: FK CONSTRAINT; Schema: public; Owner: postgres
--

ALTER TABLE ONLY public.estudiante
    ADD CONSTRAINT fkestudiante563040 FOREIGN KEY (procedencia_escolarprocedencia_escolar_id) REFERENCES public.procedencia_escolar(procedencia_escolar_id);


--
-- TOC entry 3612 (class 2606 OID 16948)
-- Name: estudiante fkestudiante567562; Type: FK CONSTRAINT; Schema: public; Owner: postgres
--

ALTER TABLE ONLY public.estudiante
    ADD CONSTRAINT fkestudiante567562 FOREIGN KEY (municipioidmunicipio) REFERENCES public.municipio(idmunicipio);


--
-- TOC entry 3613 (class 2606 OID 16953)
-- Name: estudiante fkestudiante637476; Type: FK CONSTRAINT; Schema: public; Owner: postgres
--

ALTER TABLE ONLY public.estudiante
    ADD CONSTRAINT fkestudiante637476 FOREIGN KEY (sindicatoidsindicato) REFERENCES public.sindicato(idsindicato);


--
-- TOC entry 3614 (class 2606 OID 16958)
-- Name: estudiante fkestudiante810314; Type: FK CONSTRAINT; Schema: public; Owner: postgres
--

ALTER TABLE ONLY public.estudiante
    ADD CONSTRAINT fkestudiante810314 FOREIGN KEY (ocupacionocupacion_id) REFERENCES public.ocupacion(ocupacion_id);


--
-- TOC entry 3615 (class 2606 OID 16963)
-- Name: estudiante fkestudiante818708; Type: FK CONSTRAINT; Schema: public; Owner: postgres
--

ALTER TABLE ONLY public.estudiante
    ADD CONSTRAINT fkestudiante818708 FOREIGN KEY (provinciaidprovincia) REFERENCES public.provincia(idprovincia);


--
-- TOC entry 3616 (class 2606 OID 16968)
-- Name: estudiante fkestudiante849945; Type: FK CONSTRAINT; Schema: public; Owner: postgres
--

ALTER TABLE ONLY public.estudiante
    ADD CONSTRAINT fkestudiante849945 FOREIGN KEY (organizacion_politicaorganizacion_politica_id) REFERENCES public.organizacion_politica(organizacion_politica_id);


--
-- TOC entry 3617 (class 2606 OID 16973)
-- Name: estudiante fkestudiante875447; Type: FK CONSTRAINT; Schema: public; Owner: postgres
--

ALTER TABLE ONLY public.estudiante
    ADD CONSTRAINT fkestudiante875447 FOREIGN KEY (color_pielcolor_piel_id) REFERENCES public.color_piel(color_piel_id);


--
-- TOC entry 3618 (class 2606 OID 16978)
-- Name: estudiante fkestudiante936954; Type: FK CONSTRAINT; Schema: public; Owner: postgres
--

ALTER TABLE ONLY public.estudiante
    ADD CONSTRAINT fkestudiante936954 FOREIGN KEY (sexosexo_id) REFERENCES public.sexo(sexo_id);


--
-- TOC entry 3619 (class 2606 OID 16983)
-- Name: estudiante fkestudiante945574; Type: FK CONSTRAINT; Schema: public; Owner: postgres
--

ALTER TABLE ONLY public.estudiante
    ADD CONSTRAINT fkestudiante945574 FOREIGN KEY (especialidad_militarespecialidad_militar_id) REFERENCES public.especialidad_militar(especialidad_militar_id);


--
-- TOC entry 3620 (class 2606 OID 16988)
-- Name: examen_matricula_facultad_cum_carrera_estudiante_asignatura fkexamen_mat22498; Type: FK CONSTRAINT; Schema: public; Owner: postgres
--

ALTER TABLE ONLY public.examen_matricula_facultad_cum_carrera_estudiante_asignatura
    ADD CONSTRAINT fkexamen_mat22498 FOREIGN KEY (matricula_id, codigocum, codigoarea, idcarrera, estudiante_id, fecha_matricula, asignatura_id) REFERENCES public.matricula_facultad_cum_carrera_estudiante_asignatura(matriculamatricula_id, codigocum, codigoarea, idcarrera, estudiante_id, fecha_matricula, asignatura_id);


--
-- TOC entry 3621 (class 2606 OID 16993)
-- Name: examen_matricula_facultad_cum_carrera_estudiante_asignatura fkexamen_mat563137; Type: FK CONSTRAINT; Schema: public; Owner: postgres
--

ALTER TABLE ONLY public.examen_matricula_facultad_cum_carrera_estudiante_asignatura
    ADD CONSTRAINT fkexamen_mat563137 FOREIGN KEY (examenexamen_id) REFERENCES public.examen(examen_id);


--
-- TOC entry 3622 (class 2606 OID 16998)
-- Name: facultad fkfacultad263422; Type: FK CONSTRAINT; Schema: public; Owner: postgres
--

ALTER TABLE ONLY public.facultad
    ADD CONSTRAINT fkfacultad263422 FOREIGN KEY (universidadcodigouniversidad) REFERENCES public.universidad(codigouniversidad);


--
-- TOC entry 3623 (class 2606 OID 17003)
-- Name: facultad fkfacultad469607; Type: FK CONSTRAINT; Schema: public; Owner: postgres
--

ALTER TABLE ONLY public.facultad
    ADD CONSTRAINT fkfacultad469607 FOREIGN KEY (municipioidmunicipio) REFERENCES public.municipio(idmunicipio);


--
-- TOC entry 3624 (class 2606 OID 17008)
-- Name: facultad_authorities fkfacultad_a382917; Type: FK CONSTRAINT; Schema: public; Owner: postgres
--

ALTER TABLE ONLY public.facultad_authorities
    ADD CONSTRAINT fkfacultad_a382917 FOREIGN KEY (facultadcodigoarea) REFERENCES public.facultad(codigoarea);


--
-- TOC entry 3625 (class 2606 OID 17013)
-- Name: facultad_authorities fkfacultad_a570123; Type: FK CONSTRAINT; Schema: public; Owner: postgres
--

ALTER TABLE ONLY public.facultad_authorities
    ADD CONSTRAINT fkfacultad_a570123 FOREIGN KEY (authoritiesusername, authoritiesauthority) REFERENCES public.authorities(username, authority);


--
-- TOC entry 3630 (class 2606 OID 17038)
-- Name: facultad_cum_carrera_estudiante fkfacultad_c266755; Type: FK CONSTRAINT; Schema: public; Owner: postgres
--

ALTER TABLE ONLY public.facultad_cum_carrera_estudiante
    ADD CONSTRAINT fkfacultad_c266755 FOREIGN KEY (estado_estudianteestado_estuciante_id) REFERENCES public.estado_estudiante(estado_estuciante_id);


--
-- TOC entry 3635 (class 2606 OID 17063)
-- Name: facultad_cum_carrera_estudiante_asignatura fkfacultad_c531558; Type: FK CONSTRAINT; Schema: public; Owner: postgres
--

ALTER TABLE ONLY public.facultad_cum_carrera_estudiante_asignatura
    ADD CONSTRAINT fkfacultad_c531558 FOREIGN KEY (codigocum, codigoarea, idcarrera, estudiante_id, fecha_matricula) REFERENCES public.facultad_cum_carrera_estudiante(facultad_cum_carrerafacultad_cumcumcodigocum, facultad_cum_carrerafacultad_cumfacultadcodigoarea, facultad_cum_carreracarreraidcarrera, estudianteestudiante_id, fecha_matricula);


--
-- TOC entry 3628 (class 2606 OID 17028)
-- Name: facultad_cum_carrera fkfacultad_c565261; Type: FK CONSTRAINT; Schema: public; Owner: postgres
--

ALTER TABLE ONLY public.facultad_cum_carrera
    ADD CONSTRAINT fkfacultad_c565261 FOREIGN KEY (facultad_cumcumcodigocum, facultad_cumfacultadcodigoarea) REFERENCES public.facultad_cum(cumcodigocum, facultadcodigoarea);


--
-- TOC entry 3631 (class 2606 OID 17043)
-- Name: facultad_cum_carrera_estudiante fkfacultad_c591571; Type: FK CONSTRAINT; Schema: public; Owner: postgres
--

ALTER TABLE ONLY public.facultad_cum_carrera_estudiante
    ADD CONSTRAINT fkfacultad_c591571 FOREIGN KEY (estudianteestudiante_id) REFERENCES public.estudiante(estudiante_id);


--
-- TOC entry 3636 (class 2606 OID 17068)
-- Name: facultad_cum_carrera_estudiante_asignatura fkfacultad_c609603; Type: FK CONSTRAINT; Schema: public; Owner: postgres
--

ALTER TABLE ONLY public.facultad_cum_carrera_estudiante_asignatura
    ADD CONSTRAINT fkfacultad_c609603 FOREIGN KEY (asignatura_id) REFERENCES public.asignatura(asignatura_id);


--
-- TOC entry 3629 (class 2606 OID 17033)
-- Name: facultad_cum_carrera fkfacultad_c693888; Type: FK CONSTRAINT; Schema: public; Owner: postgres
--

ALTER TABLE ONLY public.facultad_cum_carrera
    ADD CONSTRAINT fkfacultad_c693888 FOREIGN KEY (carreraidcarrera) REFERENCES public.carrera(idcarrera);


--
-- TOC entry 3632 (class 2606 OID 17048)
-- Name: facultad_cum_carrera_estudiante fkfacultad_c803699; Type: FK CONSTRAINT; Schema: public; Owner: postgres
--

ALTER TABLE ONLY public.facultad_cum_carrera_estudiante
    ADD CONSTRAINT fkfacultad_c803699 FOREIGN KEY (planestudioidplanestudio) REFERENCES public.planestudio(idplanestudio);


--
-- TOC entry 3633 (class 2606 OID 17053)
-- Name: facultad_cum_carrera_estudiante fkfacultad_c80803; Type: FK CONSTRAINT; Schema: public; Owner: postgres
--

ALTER TABLE ONLY public.facultad_cum_carrera_estudiante
    ADD CONSTRAINT fkfacultad_c80803 FOREIGN KEY (fuente_ingresofuente_ingreso_id) REFERENCES public.fuente_ingreso(fuente_ingreso_id);


--
-- TOC entry 3634 (class 2606 OID 17058)
-- Name: facultad_cum_carrera_estudiante fkfacultad_c967555; Type: FK CONSTRAINT; Schema: public; Owner: postgres
--

ALTER TABLE ONLY public.facultad_cum_carrera_estudiante
    ADD CONSTRAINT fkfacultad_c967555 FOREIGN KEY (facultad_cum_carrerafacultad_cumcumcodigocum, facultad_cum_carrerafacultad_cumfacultadcodigoarea, facultad_cum_carreracarreraidcarrera) REFERENCES public.facultad_cum_carrera(facultad_cumcumcodigocum, facultad_cumfacultadcodigoarea, carreraidcarrera);


--
-- TOC entry 3626 (class 2606 OID 17018)
-- Name: facultad_cum fkfacultad_c971534; Type: FK CONSTRAINT; Schema: public; Owner: postgres
--

ALTER TABLE ONLY public.facultad_cum
    ADD CONSTRAINT fkfacultad_c971534 FOREIGN KEY (facultadcodigoarea) REFERENCES public.facultad(codigoarea);


--
-- TOC entry 3627 (class 2606 OID 17023)
-- Name: facultad_cum fkfacultad_c996474; Type: FK CONSTRAINT; Schema: public; Owner: postgres
--

ALTER TABLE ONLY public.facultad_cum
    ADD CONSTRAINT fkfacultad_c996474 FOREIGN KEY (cumcodigocum) REFERENCES public.cum(codigocum);


--
-- TOC entry 3637 (class 2606 OID 17073)
-- Name: matricula fkmatricula40096; Type: FK CONSTRAINT; Schema: public; Owner: postgres
--

ALTER TABLE ONLY public.matricula
    ADD CONSTRAINT fkmatricula40096 FOREIGN KEY (facultad_cum_carrerafacultad_cumcumcodigocum, facultad_cum_carrerafacultad_cumfacultadcodigoarea, facultad_cum_carreracarreraidcarrera) REFERENCES public.facultad_cum_carrera(facultad_cumcumcodigocum, facultad_cumfacultadcodigoarea, carreraidcarrera);


--
-- TOC entry 3638 (class 2606 OID 17078)
-- Name: matricula fkmatricula84542; Type: FK CONSTRAINT; Schema: public; Owner: postgres
--

ALTER TABLE ONLY public.matricula
    ADD CONSTRAINT fkmatricula84542 FOREIGN KEY (cursoidcurso) REFERENCES public.curso(idcurso);


--
-- TOC entry 3639 (class 2606 OID 17083)
-- Name: matricula_facultad_cum_carrera_estudiante_asignatura fkmatricula_295636; Type: FK CONSTRAINT; Schema: public; Owner: postgres
--

ALTER TABLE ONLY public.matricula_facultad_cum_carrera_estudiante_asignatura
    ADD CONSTRAINT fkmatricula_295636 FOREIGN KEY (matriculamatricula_id) REFERENCES public.matricula(matricula_id);


--
-- TOC entry 3640 (class 2606 OID 17088)
-- Name: matricula_facultad_cum_carrera_estudiante_asignatura fkmatricula_756647; Type: FK CONSTRAINT; Schema: public; Owner: postgres
--

ALTER TABLE ONLY public.matricula_facultad_cum_carrera_estudiante_asignatura
    ADD CONSTRAINT fkmatricula_756647 FOREIGN KEY (codigocum, codigoarea, idcarrera, estudiante_id, fecha_matricula, asignatura_id) REFERENCES public.facultad_cum_carrera_estudiante_asignatura(codigocum, codigoarea, idcarrera, estudiante_id, fecha_matricula, asignatura_id);


--
-- TOC entry 3641 (class 2606 OID 17093)
-- Name: minusvalia_estudiante fkminusvalia275249; Type: FK CONSTRAINT; Schema: public; Owner: postgres
--

ALTER TABLE ONLY public.minusvalia_estudiante
    ADD CONSTRAINT fkminusvalia275249 FOREIGN KEY (estudianteestudiante_id) REFERENCES public.estudiante(estudiante_id);


--
-- TOC entry 3642 (class 2606 OID 17098)
-- Name: minusvalia_estudiante fkminusvalia794464; Type: FK CONSTRAINT; Schema: public; Owner: postgres
--

ALTER TABLE ONLY public.minusvalia_estudiante
    ADD CONSTRAINT fkminusvalia794464 FOREIGN KEY (minusvaliaminusvalia_id) REFERENCES public.minusvalia(minusvalia_id);


--
-- TOC entry 3643 (class 2606 OID 17105)
-- Name: motivo_baja fkmotivo_baj150265; Type: FK CONSTRAINT; Schema: public; Owner: postgres
--

ALTER TABLE ONLY public.motivo_baja
    ADD CONSTRAINT fkmotivo_baj150265 FOREIGN KEY (tipo_bajaid_tipo_baja) REFERENCES public.tipo_baja(id_tipo_baja);


--
-- TOC entry 3644 (class 2606 OID 17110)
-- Name: municipio fkmunicipio735422; Type: FK CONSTRAINT; Schema: public; Owner: postgres
--

ALTER TABLE ONLY public.municipio
    ADD CONSTRAINT fkmunicipio735422 FOREIGN KEY (provinciaidprovincia) REFERENCES public.provincia(idprovincia);


--
-- TOC entry 3645 (class 2606 OID 17115)
-- Name: ong_estudiante fkong_estudi755357; Type: FK CONSTRAINT; Schema: public; Owner: postgres
--

ALTER TABLE ONLY public.ong_estudiante
    ADD CONSTRAINT fkong_estudi755357 FOREIGN KEY (ongong_id) REFERENCES public.ong(ong_id);


--
-- TOC entry 3646 (class 2606 OID 17120)
-- Name: ong_estudiante fkong_estudi959604; Type: FK CONSTRAINT; Schema: public; Owner: postgres
--

ALTER TABLE ONLY public.ong_estudiante
    ADD CONSTRAINT fkong_estudi959604 FOREIGN KEY (estudianteestudiante_id) REFERENCES public.estudiante(estudiante_id);


--
-- TOC entry 3647 (class 2606 OID 17125)
-- Name: organizacion_popular_estudiante fkorganizaci377174; Type: FK CONSTRAINT; Schema: public; Owner: postgres
--

ALTER TABLE ONLY public.organizacion_popular_estudiante
    ADD CONSTRAINT fkorganizaci377174 FOREIGN KEY (estudianteestudiante_id) REFERENCES public.estudiante(estudiante_id);


--
-- TOC entry 3648 (class 2606 OID 17130)
-- Name: organizacion_popular_estudiante fkorganizaci650724; Type: FK CONSTRAINT; Schema: public; Owner: postgres
--

ALTER TABLE ONLY public.organizacion_popular_estudiante
    ADD CONSTRAINT fkorganizaci650724 FOREIGN KEY (organizacion_popularorganizacion_popular_id) REFERENCES public.organizacion_popular(organizacion_popular_id);


--
-- TOC entry 3649 (class 2606 OID 17135)
-- Name: planestudio fkplanestudi426978; Type: FK CONSTRAINT; Schema: public; Owner: postgres
--

ALTER TABLE ONLY public.planestudio
    ADD CONSTRAINT fkplanestudi426978 FOREIGN KEY (tipoplanestudionombretipoplanestudio) REFERENCES public.tipoplanestudio(nombretipoplanestudio);


--
-- TOC entry 3650 (class 2606 OID 17140)
-- Name: planestudio fkplanestudi704492; Type: FK CONSTRAINT; Schema: public; Owner: postgres
--

ALTER TABLE ONLY public.planestudio
    ADD CONSTRAINT fkplanestudi704492 FOREIGN KEY (cursoactivacion) REFERENCES public.curso(idcurso);


--
-- TOC entry 3651 (class 2606 OID 17145)
-- Name: planestudio fkplanestudi869056; Type: FK CONSTRAINT; Schema: public; Owner: postgres
--

ALTER TABLE ONLY public.planestudio
    ADD CONSTRAINT fkplanestudi869056 FOREIGN KEY (carreraidcarrera) REFERENCES public.carrera(idcarrera);


--
-- TOC entry 3652 (class 2606 OID 17150)
-- Name: provincia fkprovincia925634; Type: FK CONSTRAINT; Schema: public; Owner: postgres
--

ALTER TABLE ONLY public.provincia
    ADD CONSTRAINT fkprovincia925634 FOREIGN KEY (paisidpais) REFERENCES public.pais(idpais);


--
-- TOC entry 3653 (class 2606 OID 17157)
-- Name: tutor fktutor232180; Type: FK CONSTRAINT; Schema: public; Owner: postgres
--

ALTER TABLE ONLY public.tutor
    ADD CONSTRAINT fktutor232180 FOREIGN KEY (ocupacionocupacion_id) REFERENCES public.ocupacion(ocupacion_id);


--
-- TOC entry 3654 (class 2606 OID 17162)
-- Name: tutor fktutor443784; Type: FK CONSTRAINT; Schema: public; Owner: postgres
--

ALTER TABLE ONLY public.tutor
    ADD CONSTRAINT fktutor443784 FOREIGN KEY (estudianteestudiante_id) REFERENCES public.estudiante(estudiante_id);


--
-- TOC entry 3655 (class 2606 OID 17167)
-- Name: tutor fktutor515089; Type: FK CONSTRAINT; Schema: public; Owner: postgres
--

ALTER TABLE ONLY public.tutor
    ADD CONSTRAINT fktutor515089 FOREIGN KEY (sexosexo_id) REFERENCES public.sexo(sexo_id);


--
-- TOC entry 3656 (class 2606 OID 17172)
-- Name: tutor fktutor699779; Type: FK CONSTRAINT; Schema: public; Owner: postgres
--

ALTER TABLE ONLY public.tutor
    ADD CONSTRAINT fktutor699779 FOREIGN KEY (organizacion_politicaorganizacion_politica_id) REFERENCES public.organizacion_politica(organizacion_politica_id);


--
-- TOC entry 3657 (class 2606 OID 17177)
-- Name: tutor fktutor896643; Type: FK CONSTRAINT; Schema: public; Owner: postgres
--

ALTER TABLE ONLY public.tutor
    ADD CONSTRAINT fktutor896643 FOREIGN KEY (nivel_escolarnivel_escolar_id) REFERENCES public.nivel_escolar(nivel_escolar_id);


--
-- TOC entry 3658 (class 2606 OID 17182)
-- Name: universidad fkuniversida524595; Type: FK CONSTRAINT; Schema: public; Owner: postgres
--

ALTER TABLE ONLY public.universidad
    ADD CONSTRAINT fkuniversida524595 FOREIGN KEY (municipioidmunicipio) REFERENCES public.municipio(idmunicipio);


-- Completed on 2023-08-15 12:07:29

--
-- PostgreSQL database dump complete
--

